pos(1-based),aaalt,aaref,ref,alt,aapos,HGVSc_VEP,HGVSp_VEP,rs_dbSNP,BayesDel_noAF_score,BayesDel_addAF_score,BayesDel_addAF_rankscore,REVEL_score,REVEL_rankscore,clinvar_clnsig,clinvar_review,BayesDel_noAF_diff,BayesDel_addAF_diff,BayesDel_addAF_rank_diff,REVEL_score_diff,REVEL_rankscore_diff
241497831,N,K,C,A;G,510,c.1530G>C;c.1530G>T,p.Lys510Asn,.;.,0.0521652;0.0521583,0.201849;0.201844,0.73873;0.73871,0.694;0.694,0.88865;0.88865,.;.,.;.,6.900000000004125e-06,5.0000000000050004e-06,2.0000000000020002e-05,0.0,0.0
241497843,I,M,C,A;G;T,506,c.1518G>A;c.1518G>C;c.1518G>T,p.Met506Ile,.;.;rs2147911190,0.307246;0.307249;0.307229,0.379428;0.37943;0.379416,0.88594;0.88594;0.88593,0.826;0.826;0.826,0.94449;0.94449;0.94449,Uncertain_significance;.;Uncertain_significance,"criteria_provided,_single_submitter;.;criteria_provided,_single_submitter",2.0000000000020002e-05,1.4000000000014001e-05,9.99999999995449e-06,0.0,0.0
241497845,L,M,T,A;G,506,c.1516A>C;c.1516A>T,p.Met506Leu,.;.,0.226833;0.226833,0.323447;0.323447,0.84604;0.84604,0.788;0.788,0.92964;0.92964,.;.,.;.,0.0,0.0,0.0,0.0,0.0
241497846,E,D,G,C;T,505,c.1515C>A;c.1515C>G,p.Asp505Glu,.;.,-0.345499;-0.3455,-0.0749932;-0.0749939,0.40175;0.40175,0.267;0.268,0.57919;0.58047,.;.,.;.,9.999999999732445e-07,7.000000000062512e-07,0.0,0.0010000000000000009,0.0012800000000000589
241497849,N,K,C,A;G,504,c.1512G>C;c.1512G>T,p.Lys504Asn,.;.,-0.272681;-0.272674,-0.0242995;-0.0242946,0.47907;0.47907,0.301;0.301,0.61985;0.61985,.;.,.;.,6.999999999979245e-06,4.900000000002125e-06,0.0,0.0,0.0
241497855,N,K,T,A;G,502,c.1506A>C;c.1506A>T,p.Lys502Asn,.;.,-0.0351694;-0.0351549,0.141049;0.141059,0.68196;0.68196,0.486;0.486,0.77344;0.77344,.;.,.;.,1.4500000000000624e-05,9.999999999982245e-06,0.0,0.0,0.0
241497860,L,V,C,A;G,501,c.1501G>C;c.1501G>T,p.Val501Leu,.;.,0.131409;0.131412,0.257016;0.257018,0.79101;0.79101,0.535;0.535,0.80385;0.80385,.;.,.;.,3.0000000000030003e-06,2.000000000002e-06,0.0,0.0,0.0
241497861,C,W,C,A;G,500,c.1500G>C;c.1500G>T,p.Trp500Cys,rs886039368;.,0.385944;0.385946,0.434215;0.434217,0.91681;0.91681,0.838;0.838,0.949;0.949,.;Uncertain_significance,".;criteria_provided,_single_submitter",2.000000000002e-06,2.000000000002e-06,0.0,0.0,0.0
241497863,R,W,A,G;T,500,c.1498T>A;c.1498T>C,p.Trp500Arg,.;.,0.354258;0.354267,0.412157;0.412163,0.90533;0.90533,0.839;0.839,0.94938;0.94938,Uncertain_significance;.,"criteria_provided,_multiple_submitters,_no_conflicts;.",8.999999999981245e-06,6.0000000000060005e-06,0.0,0.0,0.0
241497864,D,E,T,A;G,499,c.1497A>C;c.1497A>T,p.Glu499Asp,.;.,-0.188546;-0.188535,0.0342728;0.0342804,0.5599;0.5599,0.385;0.385,0.70035;0.70035,.;.,.;.,1.0999999999983245e-05,7.600000000003437e-06,0.0,0.0,0.0
241497867,E,D,G,C;T,498,c.1494C>A;c.1494C>G,p.Asp498Glu,rs199949526;.,-0.220961;-0.220966,0.0117064;0.0117029,0.52944;0.52941,0.372;0.372,0.68938;0.68938,Uncertain_significance;.,"criteria_provided,_single_submitter;.",5.0000000000050004e-06,3.500000000000031e-06,2.999999999997449e-05,0.0,0.0
241497870,L,F,A,C;T,497,c.1491T>A;c.1491T>G,p.Phe497Leu,.;.,0.211714;0.211707,0.312922;0.312917,0.83848;0.83846,0.668;0.668,0.87618;0.87618,.;.,.;.,7.000000000007001e-06,4.999999999977245e-06,2.0000000000020002e-05,0.0,0.0
241497873,H,Q,C,A;G,496,c.1488G>C;c.1488G>T,p.Gln496His,.;.,0.208443;0.208446,0.310645;0.310647,0.83677;0.83677,0.807;0.806,0.93718;0.93679,.;.,.;.,3.0000000000030003e-06,2.000000000002e-06,0.0,0.0010000000000000009,0.00039000000000000146
241497876,D,E,C,A;G,495,c.1485G>C;c.1485G>T,p.Glu495Asp,.;.,-0.141399;-0.141399,0.0670951;0.0670951,0.60215;0.60215,0.401;0.399,0.71327;0.71168,.;.,.;.,0.0,0.0,0.0,0.0020000000000000018,0.0015899999999999803
241497897,D,E,T,A;G,488,c.1464A>C;c.1464A>T,p.Glu488Asp,.;.,-0.136159;-0.136155,0.070743;0.0707458,0.60664;0.60664,0.414;0.414,0.72332;0.72332,Uncertain_significance;.,"criteria_provided,_single_submitter;.",4.000000000004e-06,2.799999999997249e-06,0.0,0.0,0.0
241497909,D,E,T,A;G,484,c.1452A>C;c.1452A>T,p.Glu484Asp,.;.,-0.233959;-0.233965,0.0026576;0.00265342,0.517;0.517,0.446;0.446,0.74662;0.74662,.;.,.;.,6.0000000000060005e-06,4.179999999999896e-06,0.0,0.0,0.0
241497912,N,K,C,A;G,483,c.1449G>C;c.1449G>T,p.Lys483Asn,.;.,-0.00964164;-0.00963958,0.158821;0.158822,0.69872;0.69872,0.768;0.768,0.92142;0.92142,.;.,.;.,2.059999999999909e-06,1.000000000001e-06,0.0,0.0,0.0
241497915,F,L,T,A;G,482,c.1446A>C;c.1446A>T,p.Leu482Phe,.;rs863223979,0.381973;0.381973,0.431451;0.431451,0.91545;0.91545,0.834;0.834,0.9475;0.9475,.;Conflicting_classifications_of_pathogenicity,".;criteria_provided,_conflicting_classifications",0.0,0.0,0.0,0.0,0.0
241497926,R,G,C,G;T,479,c.1435G>A;c.1435G>C,p.Gly479Arg,rs1573876584;.,0.396779;0.396774,0.441758;0.441755,0.92047;0.92047,0.949;0.949,0.99024;0.99024,.;Uncertain_significance,".;criteria_provided,_single_submitter",4.999999999977245e-06,2.9999999999752447e-06,0.0,0.0,0.0
241497927,K,N,A,C;T,478,c.1434T>A;c.1434T>G,p.Asn478Lys,.;rs786202199,-0.446531;-0.446539,-0.145329;-0.145334,0.28692;0.28692,0.196;0.196,0.47555;0.47555,.;Uncertain_significance,".;criteria_provided,_multiple_submitters,_no_conflicts",8.000000000008e-06,4.999999999977245e-06,0.0,0.0,0.0
241497930,N,K,T,A;G,477,c.1431A>C;c.1431A>T,p.Lys477Asn,.;.,-0.0615612;-0.061552,0.122676;0.122682,0.66401;0.66401,0.632;0.632,0.85805;0.85805,.;.,.;.,9.200000000000874e-06,6.0000000000060005e-06,0.0,0.0,0.0
241497933,Q,H,G,C;T,476,c.1428C>A;c.1428C>G,p.His476Gln,.;.,0.0973487;0.0973467,0.233304;0.233303,0.76859;0.76859,0.64;0.64,0.86218;0.86218,.;.,.;.,2.000000000002e-06,1.000000000001e-06,0.0,0.0,0.0
241497942,N,K,C,A;G,473,c.1419G>C;c.1419G>T,p.Lys473Asn,.;.,-0.0997669;-0.099764,0.0960781;0.0960801,0.63608;0.63608,0.495;0.495,0.7792;0.7792,.;.,.;.,2.9000000000001247e-06,2.000000000002e-06,0.0,0.0,0.0
241497951,N,K,C,A;G,470,c.1410G>C;c.1410G>T,p.Lys470Asn,.;rs1343209025,-0.210388;-0.210419,0.019067;0.0190454,0.53946;0.53941,0.587;0.587,0.83389;0.83389,.;.,.;.,3.100000000000325e-05,2.160000000000009e-05,5.0000000000105516e-05,0.0,0.0
241497960,N,K,C,A;G,467,c.1401G>C;c.1401G>T,p.Lys467Asn,rs1464951563;.,-0.259184;-0.259201,-0.0149033;-0.0149151,0.49249;0.49246,0.356;0.356,0.67519;0.67519,.;.,.;.,1.6999999999989246e-05,1.1800000000001046e-05,2.999999999997449e-05,0.0,0.0
241497963,E,D,G,C;T,466,c.1398C>A;c.1398C>G,p.Asp466Glu,rs1558395525;.,-0.00906066;-0.0090778,0.159225;0.159213,0.6991;0.69908,0.532;0.532,0.80205;0.80205,Uncertain_significance;.,"criteria_provided,_single_submitter;.",1.7140000000000558e-05,1.2000000000012001e-05,2.0000000000020002e-05,0.0,0.0
241500437,R,G,C,G;T,464,c.1390G>A;c.1390G>C,p.Gly464Arg,.;rs1573877922,0.575269;0.57526,0.566018;0.566012,0.96319;0.96318,0.947;0.947,0.98955;0.98955,.;Uncertain_significance,".;criteria_provided,_single_submitter",9.000000000036756e-06,6.000000000061512e-06,9.99999999995449e-06,0.0,0.0
241500440,L,I,T,A;G,463,c.1387A>C;c.1387A>T,p.Ile463Leu,.;.,0.158488;0.158484,0.275867;0.275865,0.8082;0.8082,0.73;0.73,0.90507;0.90507,.;.,.;.,3.999999999976245e-06,1.999999999946489e-06,0.0,0.0,0.0
241500441,Q,H,A,C;T,462,c.1386T>A;c.1386T>G,p.His462Gln,.;.,0.286481;0.286475,0.364972;0.364968,0.87538;0.87538,0.703;0.703,0.89285;0.89285,.;.,.;.,6.0000000000060005e-06,4.000000000004e-06,0.0,0.0,0.0
241500447,K,N,A,C;T,460,c.1380T>A;c.1380T>G,p.Asn460Lys,.;.,-0.0305864;-0.0305924,0.14424;0.144235,0.68501;0.68499,0.833;0.833,0.94713;0.94713,.;.,.;.,5.999999999999062e-06,5.0000000000050004e-06,2.0000000000020002e-05,0.0,0.0
241500461,L,V,C,A;G,456,c.1366G>C;c.1366G>T,p.Val456Leu,rs200244096;rs200244096,0.286106;0.286108,0.364711;0.364713,0.87522;0.87522,0.913;0.913,0.97697;0.97697,.;Uncertain_significance,".;criteria_provided,_multiple_submitters,_no_conflicts",1.999999999946489e-06,2.000000000002e-06,0.0,0.0,0.0
241500462,F,L,C,A;G,455,c.1365G>C;c.1365G>T,p.Leu455Phe,.;.,0.390517;0.39052,0.437399;0.437401,0.91838;0.91838,0.819;0.82,0.94182;0.94221,.;.,.;.,2.9999999999752447e-06,2.000000000002e-06,0.0,0.0010000000000000009,0.00039000000000000146
241500465,I,M,C,A;G;T,454,c.1362G>A;c.1362G>C;c.1362G>T,p.Met454Ile,.;.;rs766177929,0.49149;0.491492;0.491481,0.507693;0.507695;0.44026,0.9448;0.9448;0.91975,0.927;0.927;0.928,0.98227;0.98227;0.98265,.;.;Uncertain_significance,".;.;criteria_provided,_single_submitter",1.0999999999983245e-05,0.06743500000000002,0.025050000000000017,0.0010000000000000009,0.00038000000000004697
241500467,L,M,T,A;G,454,c.1360A>C;c.1360A>T,p.Met454Leu,.;.,0.358942;0.358944,0.415417;0.415419,0.90715;0.90715,0.881;0.881,0.96494;0.96494,.;.,.;.,2.000000000002e-06,2.000000000002e-06,0.0,0.0,0.0
241500474,D,E,C,A;G,451,c.1353G>C;c.1353G>T,p.Glu451Asp,.;rs2147913058,-6.18107e-05;-6.18107e-05,0.16549;0.16549,0.70493;0.70493,0.599;0.599,0.8405;0.8405,.;.,.;.,0.0,0.0,0.0,0.0,0.0
241500477,K,N,A,C;T,450,c.1350T>A;c.1350T>G,p.Asn450Lys,.;.,-0.217633;-0.217583,0.0140233;0.0140581,0.5326;0.53262,0.331;0.331,0.65143;0.65143,.;.,.;.,4.999999999999449e-05,3.479999999999976e-05,2.0000000000020002e-05,0.0,0.0
241500480,I,M,C,A;G;T,449,c.1347G>A;c.1347G>C;c.1347G>T,p.Met449Ile,rs376502356;rs376502356;rs376502356,0.290105;0.290107;0.290096,0.367495;0.202735;0.367489,0.87751;0.73954;0.87751,0.675;0.675;0.675,0.87959;0.87959;0.87959,.;Uncertain_significance;Uncertain_significance,".;criteria_provided,_multiple_submitters,_no_conflicts;criteria_provided,_multiple_submitters,_no_conflicts",1.0999999999983245e-05,0.16476000000000002,0.13797000000000004,0.0,0.0
241500482,L,M,T,A;G,449,c.1345A>C;c.1345A>T,p.Met449Leu,.;.,0.166382;0.166383,0.281363;0.281364,0.81296;0.81296,0.552;0.551,0.8139;0.81332,Uncertain_significance;.,"criteria_provided,_single_submitter;.",1.000000000001e-06,1.0000000000287557e-06,0.0,0.0010000000000000009,0.0005799999999999139
241500486,N,K,C,A;G,447,c.1341G>C;c.1341G>T,p.Lys447Asn,.;.,-0.125671;-0.12567,0.0780445;0.0780452,0.61541;0.61541,0.424;0.424,0.73082;0.73082,.;.,.;.,1.000000000001e-06,6.999999999923734e-07,0.0,0.0,0.0
241500489,K,N,G,C;T,446,c.1338C>A;c.1338C>G,p.Asn446Lys,rs113572177;.,-0.178284;-0.178293,0.0414169;0.0414106,0.56934;0.56934,0.423;0.423,0.73008;0.73008,Uncertain_significance;.,"criteria_provided,_multiple_submitters,_no_conflicts;.",9.000000000009e-06,6.3000000000007494e-06,0.0,0.0,0.0
241500495,S,R,C,A;G,444,c.1332G>C;c.1332G>T,p.Arg444Ser,.;.,0.50269;0.50269,0.515491;0.515491,0.94691;0.94691,0.791;0.791,0.93084;0.93084,.;.,.;.,0.0,0.0,0.0,0.0,0.0
241500498,D,E,T,A;G,443,c.1329A>C;c.1329A>T,p.Glu443Asp,.;.,-0.137923;-0.137924,0.069515;0.0695143,0.60513;0.60513,0.38;0.38,0.69618;0.69618,.;.,.;.,1.000000000001e-06,6.999999999923734e-07,0.0,0.0,0.0
241500504,K,N,A,C;T,441,c.1323T>A;c.1323T>G,p.Asn441Lys,.;rs945101483,0.0969396;0.0969298,0.233019;0.233012,0.76832;0.76832,0.839;0.839,0.94938;0.94938,.;Uncertain_significance,".;criteria_provided,_single_submitter",9.80000000000425e-06,7.000000000007001e-06,0.0,0.0,0.0
241500510,H,Q,C,A;G,439,c.1317G>C;c.1317G>T,p.Gln439His,rs2147913163;.,0.0479224;0.0479244,0.198895;0.198896,0.73591;0.73591,0.601;0.601,0.84159;0.84159,.;.,.;.,2.000000000002e-06,1.000000000001e-06,0.0,0.0,0.0
241500518,R,G,C,G;T,437,c.1309G>A;c.1309G>C,p.Gly437Arg,.;rs2147913185,0.448094;0.448068,0.477482;0.477464,0.93558;0.93557,0.855;0.855,0.95533;0.95533,Uncertain_significance;.,"criteria_provided,_single_submitter;.",2.599999999997049e-05,1.8000000000018e-05,9.99999999995449e-06,0.0,0.0
241500521,L,V,C,A;G,436,c.1306G>C;c.1306G>T,p.Val436Leu,rs1324526971;.,-0.16963;-0.169628,0.0474415;0.0474429,0.5772;0.5772,0.364;0.364,0.68239;0.68239,Uncertain_significance;Uncertain_significance,"criteria_provided,_multiple_submitters,_no_conflicts;criteria_provided,_single_submitter",2.000000000002e-06,1.4000000000055635e-06,0.0,0.0,0.0
241500524,L,V,C,A;G,435,c.1303G>C;c.1303G>T,p.Val435Leu,.;rs147528200,0.125339;0.12534,0.25279;0.252791,0.78706;0.78706,0.603;0.603,0.84268;0.84268,.;Uncertain_significance,".;criteria_provided,_single_submitter",1.000000000001e-06,9.999999999732445e-07,0.0,0.0,0.0
241500528,K,N,G,C;T,433,c.1299C>A;c.1299C>G,p.Asn433Lys,.;.,-0.0370456;-0.0370498,0.139743;0.13974,0.68072;0.68072,0.713;0.713,0.89743;0.89743,.;.,.;.,4.200000000002813e-06,3.0000000000030003e-06,0.0,0.0,0.0
241500531,D,E,T,A;G,432,c.1296A>C;c.1296A>T,p.Glu432Asp,.;.,-0.273441;-0.273446,-0.0248286;-0.0248321,0.47832;0.47832,0.362;0.359,0.68061;0.67792,.;.,.;.,5.000000000032756e-06,3.500000000000031e-06,0.0,0.0030000000000000027,0.002690000000000081
241500537,L,F,A,C;T,430,c.1290T>A;c.1290T>G,p.Phe430Leu,.;.,0.473679;0.473675,0.495294;0.495291,0.94107;0.94106,0.819;0.818,0.94182;0.94144,.;.,.;.,4.000000000004e-06,3.000000000030756e-06,9.99999999995449e-06,0.0010000000000000009,0.00037999999999993594
241500552,E,D,A,C;T,425,c.1275T>A;c.1275T>G,p.Asp425Glu,.;rs2147913278,0.253938;0.253932,0.342317;0.342313,0.85886;0.85886,0.692;0.692,0.88771;0.88771,.;Likely_pathogenic,".;criteria_provided,_single_submitter",6.0000000000060005e-06,4.000000000004e-06,0.0,0.0,0.0
241500557,R,G,C,G;T,424,c.1270G>A;c.1270G>C,p.Gly424Arg,.;rs1553340705,0.405092;0.405076,0.447546;0.447535,0.92315;0.92314,0.728;0.728,0.90418;0.90418,.;Uncertain_significance,".;criteria_provided,_single_submitter",1.6000000000016e-05,1.0999999999983245e-05,1.0000000000065512e-05,0.0,0.0
241500564,S,R,C,A;G,421,c.1263G>C;c.1263G>T,p.Arg421Ser,rs777409218;rs777409218,0.133238;0.133236,0.190862;0.258288,0.72841;0.79219,0.621;0.621,0.85231;0.85231,Uncertain_significance;Uncertain_significance,"criteria_provided,_multiple_submitters,_no_conflicts;criteria_provided,_single_submitter",2.000000000002e-06,0.06742600000000001,0.06377999999999995,0.0,0.0
241500573,Q,H,G,C;T,418,c.1254C>A;c.1254C>G,p.His418Gln,rs1659748455;.,-0.328307;-0.328313,-0.0630246;-0.0630288,0.42088;0.42088,0.215;0.215,0.50585;0.50585,.;.,.;.,6.0000000000060005e-06,4.199999999995874e-06,0.0,0.0,0.0
241500576,F,L,T,A;G,417,c.1251A>C;c.1251A>T,p.Leu417Phe,.;rs1573878136,0.424428;0.424438,0.461007;0.461014,0.92914;0.92915,0.764;0.764,0.91975;0.91975,.;Uncertain_significance,".;criteria_provided,_single_submitter",9.99999999995449e-06,6.999999999979245e-06,1.0000000000065512e-05,0.0,0.0
241500581,L,V,C,A;G,416,c.1246G>C;c.1246G>T,p.Val416Leu,.;rs2147913372,0.100196;0.100198,0.235286;0.235288,0.77048;0.77048,0.549;0.548,0.81214;0.81155,.;.,.;.,2.000000000002e-06,2.000000000002e-06,0.0,0.0010000000000000009,0.0005899999999999794
241500582,K,N,A,C;T,415,c.1245T>A;c.1245T>G,p.Asn415Lys,.;.,-0.0109876;-0.0109979,0.157884;0.157876,0.69784;0.69784,0.794;0.793,0.93204;0.93165,.;.,.;.,1.0299999999999546e-05,8.000000000008e-06,0.0,0.0010000000000000009,0.00039000000000000146
241500585,N,K,T,A;G,414,c.1242A>C;c.1242A>T,p.Lys414Asn,rs2147913382;.,-0.164;-0.163995,0.051361;0.0513644,0.58227;0.58229,0.448;0.448,0.74801;0.74801,.;.,.;.,5.0000000000050004e-06,3.4000000000006247e-06,2.0000000000020002e-05,0.0,0.0
241502443,I,M,C,A;G;T,412,c.1236G>A;c.1236G>C;c.1236G>T,p.Met412Ile,.;.;rs1573879248,-0.271889;-0.271875;-0.271943,-0.0237481;-0.0237384;-0.0237857,0.47988;0.47988;0.47982,0.347;0.343;0.343,0.66687;0.66311;0.66311,.;.;Uncertain_significance,".;.;criteria_provided,_single_submitter",6.80000000000125e-05,4.730000000000012e-05,5.999999999994898e-05,0.003999999999999948,0.0037599999999999856
241502445,L,M,T,A;G,412,c.1234A>C;c.1234A>T,p.Met412Leu,.;.,-0.111006;-0.111007,0.0882538;0.0882531,0.62728;0.62728,0.268;0.268,0.58047;0.58047,Uncertain_significance;.,"criteria_provided,_single_submitter;.",1.000000000001e-06,6.999999999923734e-07,0.0,0.0,0.0
241502446,I,M,C,A;G;T,411,c.1233G>A;c.1233G>C;c.1233G>T,p.Met411Ile,.;.;rs2147914832,-0.0747048;-0.0747023;-0.0747149,0.113526;0.113527;0.113519,0.6547;0.6547;0.6547,0.306;0.306;0.306,0.62537;0.62537;0.62537,.;.;.,.;.;.,1.2600000000001499e-05,8.000000000008e-06,0.0,0.0,0.0
241502448,L,M,T,A;G,411,c.1231A>C;c.1231A>T,p.Met411Leu,.;.,-0.164602;-0.164597,0.0509419;0.0509453,0.58174;0.58174,0.304;0.304,0.62317;0.62317,Uncertain_significance;.,"criteria_provided,_single_submitter;.",5.0000000000050004e-06,3.4000000000006247e-06,0.0,0.0,0.0
241502452,N,K,C,A;G,409,c.1227G>C;c.1227G>T,p.Lys409Asn,.;rs774493741,-0.0626683;-0.0626699,0.121905;0.121904,0.66324;0.66324,0.641;0.641,0.86269;0.86269,.;Uncertain_significance,".;criteria_provided,_single_submitter",1.6000000000043757e-06,1.000000000001e-06,0.0,0.0,0.0
241502455,L,F,G,C;T,408,c.1224C>A;c.1224C>G,p.Phe408Leu,rs759548413;rs759548413,0.320738;0.320734,0.388821;0.388818,0.89178;0.89178,0.756;0.756,0.91637;0.91637,Uncertain_significance;Uncertain_significance,"criteria_provided,_single_submitter;criteria_provided,_single_submitter",4.000000000004e-06,3.000000000030756e-06,0.0,0.0,0.0
241502461,K,N,A,C;T,406,c.1218T>A;c.1218T>G,p.Asn406Lys,.;.,0.129015;0.129007,0.255349;0.255344,0.78944;0.78943,0.815;0.815,0.94028;0.94028,.;Uncertain_significance,".;criteria_provided,_multiple_submitters,_no_conflicts",7.999999999980245e-06,4.999999999977245e-06,1.0000000000065512e-05,0.0,0.0
241502464,F,L,C,A;G,405,c.1215G>C;c.1215G>T,p.Leu405Phe,.;.,0.495853;0.495837,0.510731;0.51072,0.9457;0.9457,0.852;0.851,0.95421;0.95384,.;.,.;.,1.599999999996049e-05,1.1000000000094268e-05,0.0,0.0010000000000000009,0.00036999999999998145
241502467,D,E,C,A;G,404,c.1212G>C;c.1212G>T,p.Glu404Asp,.;.,0.449392;0.449394,0.478386;0.478387,0.93593;0.93593,0.832;0.832,0.94675;0.94675,Uncertain_significance;.,"criteria_provided,_single_submitter;.",2.000000000002e-06,1.0000000000287557e-06,0.0,0.0,0.0
241502470,L,F,A,C;T,403,c.1209T>A;c.1209T>G,p.Phe403Leu,.;.,0.324966;0.324957,0.391764;0.391758,0.89357;0.89357,0.706;0.709,0.89423;0.89561,.;.,.;.,8.999999999981245e-06,6.0000000000060005e-06,0.0,0.0030000000000000027,0.0013800000000000479
241502473,Q,H,A,C;T,402,c.1206T>A;c.1206T>G,p.His402Gln,.;.,0.114952;0.114943,0.245559;0.245553,0.78021;0.78021,0.648;0.648,0.86624;0.86624,.;.,.;.,8.999999999995123e-06,6.0000000000060005e-06,0.0,0.0,0.0
241502478,R,G,C,G;T,401,c.1201G>A;c.1201G>C,p.Gly401Arg,.;.,0.60348;0.603473,0.585658;0.585653,0.973;0.973,0.92;0.92,0.97963;0.97963,.;.,.;.,6.999999999979245e-06,5.000000000032756e-06,0.0,0.0,0.0
241502479,K,N,A,C;T,400,c.1200T>A;c.1200T>G,p.Asn400Lys,rs1659805291;.,-0.0600922;-0.0600984,0.123698;0.123694,0.66503;0.66503,0.603;0.604,0.84268;0.84322,Uncertain_significance;.,"criteria_provided,_multiple_submitters,_no_conflicts;.",6.200000000004813e-06,4.000000000004e-06,0.0,0.0010000000000000009,0.0005399999999999849
241502482,R,S,G,C;T,399,c.1197C>A;c.1197C>G,p.Ser399Arg,.;.,0.42358;0.423573,0.460417;0.460412,0.92891;0.92891,0.833;0.836,0.94713;0.94825,.;.,.;.,7.000000000034756e-06,5.000000000032756e-06,0.0,0.0030000000000000027,0.0011200000000000099
241502490,R,G,C,G;T,397,c.1189G>A;c.1189G>C,p.Gly397Arg,.;rs863224007,0.498627;0.498393,0.512662;0.512499,0.94603;0.94601,0.867;0.825,0.95976;0.94411,.;Pathogenic/Likely_pathogenic,".;criteria_provided,_multiple_submitters,_no_conflicts",0.00023400000000001198,0.00016299999999991321,2.0000000000020002e-05,0.04200000000000004,0.015649999999999942
241502506,Q,H,A,C;T,391,c.1173T>A;c.1173T>G,p.His391Gln,.;.,0.187078;0.18707,0.295771;0.295765,0.825;0.82499,0.588;0.587,0.83444;0.83389,.;.,.;.,8.000000000008e-06,6.0000000000060005e-06,9.99999999995449e-06,0.0010000000000000009,0.0005499999999999394
241502509,K,N,G,C;T,390,c.1170C>A;c.1170C>G,p.Asn390Lys,rs1659806898;rs1659806898,0.115622;0.115616,0.246025;0.246021,0.78064;0.78064,0.818;0.818,0.94144;0.94144,Uncertain_significance;Uncertain_significance,"criteria_provided,_single_submitter;criteria_provided,_single_submitter",6.0000000000060005e-06,4.000000000004e-06,0.0,0.0,0.0
241502514,R,G,C,G;T,389,c.1165G>A;c.1165G>C,p.Gly389Arg,.;.,0.601018;0.601006,0.583944;0.583935,0.97043;0.97043,0.94;0.94,0.98707;0.98707,.;Likely_pathogenic,".;criteria_provided,_single_submitter",1.2000000000012001e-05,9.000000000036756e-06,0.0,0.0,0.0
241502515,I,M,C,A;G;T,388,c.1164G>A;c.1164G>C;c.1164G>T,p.Met388Ile,.;rs1659807188;.,0.441392;0.441397;0.44139,0.472817;0.47282;0.472815,0.9339;0.9339;0.9339,0.688;0.688;0.688,0.88582;0.88582;0.88582,.;.;.,.;.;.,6.999999999979245e-06,5.000000000032756e-06,0.0,0.0,0.0
241502517,L,M,T,A;G,388,c.1162A>C;c.1162A>T,p.Met388Leu,.;.,0.432647;0.432647,0.466729;0.466729,0.93154;0.93154,0.761;0.761,0.91849;0.91849,Uncertain_significance;.,"criteria_provided,_single_submitter;.",0.0,0.0,0.0,0.0,0.0
241502521,H,Q,T,A;G,386,c.1158A>C;c.1158A>T,p.Gln386His,rs2147914951;rs2147914951,0.450932;0.450933,0.479458;0.479459,0.93634;0.93634,0.779;0.779,0.92597;0.92597,.;Likely_pathogenic,".;criteria_provided,_single_submitter",9.999999999732445e-07,1.0000000000287557e-06,0.0,0.0,0.0
241502533,I,M,C,A;G;T,382,c.1146G>A;c.1146G>C;c.1146G>T,p.Met382Ile,.;.;rs863224006,0.593505;0.593507;0.5935,0.578713;0.578715;0.57871,0.96947;0.96947;0.96947,0.954;0.956;0.954,0.99189;0.99253;0.99189,.;.;Likely_pathogenic,".;.;criteria_provided,_single_submitter",6.999999999979245e-06,5.000000000032756e-06,0.0,0.0020000000000000018,0.0006399999999999739
241502535,L,M,T,A;G,382,c.1144A>C;c.1144A>T,p.Met382Leu,.;.,0.557414;0.557414,0.553588;0.553588,0.95823;0.95823,0.936;0.936,0.98562;0.98562,.;.,.;.,0.0,0.0,0.0,0.0,0.0
241502539,I,M,C,A;G;T,380,c.1140G>A;c.1140G>C;c.1140G>T,p.Met380Ile,.;.;.,-0.0214426;-0.021437;-0.0214651,0.150605;0.150609;0.150589,0.69101;0.69103;0.69099,0.406;0.406;0.406,0.71718;0.71718;0.71718,.;.;.,.;.;.,2.8099999999999653e-05,1.9999999999992246e-05,4.0000000000040004e-05,0.0,0.0
241502541,L,M,T,A;G,380,c.1138A>C;c.1138A>T,p.Met380Leu,.;.,-0.135188;-0.135191,0.071419;0.0714169,0.60745;0.60745,0.432;0.432,0.73667;0.73667,.;.,.;.,3.0000000000030003e-06,2.099999999990998e-06,0.0,0.0,0.0
241502545,D,E,T,A;G,378,c.1134A>C;c.1134A>T,p.Glu378Asp,.;.,0.505582;0.505585,0.517504;0.517506,0.94768;0.94768,0.887;0.887,0.96718;0.96718,.;.,.;.,2.9999999999752447e-06,2.0000000000575113e-06,0.0,0.0,0.0
241502551,H,Q,C,A;G,376,c.1128G>C;c.1128G>T,p.Gln376His,rs1467002768;.,0.555267;0.555269,0.484666;0.552094,0.93798;0.95797,0.931;0.931,0.98376;0.98376,Uncertain_significance;.,"criteria_provided,_multiple_submitters,_no_conflicts;.",2.0000000000575113e-06,0.06742799999999999,0.019989999999999952,0.0,0.0
241502560,K,N,G,C;T,373,c.1119C>A;c.1119C>G,p.Asn373Lys,.;rs542014575,0.18671;0.186706,0.295515;0.295512,0.82479;0.82479,0.865;0.865,0.95902;0.95902,.;Uncertain_significance,".;criteria_provided,_single_submitter",3.999999999976245e-06,3.000000000030756e-06,0.0,0.0,0.0
241502565,L,V,C,A;G,372,c.1114G>C;c.1114G>T,p.Val372Leu,.;.,0.377215;0.377217,0.428139;0.42814,0.91375;0.91375,0.913;0.913,0.97697;0.97697,.;.,.;.,2.000000000002e-06,1.0000000000287557e-06,0.0,0.0,0.0
241502566,N,K,C,A;G,371,c.1113G>C;c.1113G>T,p.Lys371Asn,.;.,0.228658;0.22866,0.324718;0.324719,0.84696;0.84696,0.817;0.817,0.94105;0.94105,.;.,.;.,2.000000000002e-06,9.999999999732445e-07,0.0,0.0,0.0
241504046,I,M,C,A;G;T,368,c.1104G>A;c.1104G>C;c.1104G>T,p.Met368Ile,rs2147916022;.;.,0.380453;0.380455;0.380444,0.430393;0.430394;0.430387,0.91488;0.91488;0.91488,0.94;0.94;0.94,0.98707;0.98707;0.98707,.;.;.,.;.;.,1.0999999999983245e-05,6.999999999979245e-06,0.0,0.0,0.0
241504048,L,M,T,A;G,368,c.1102A>C;c.1102A>T,p.Met368Leu,.;.,0.348433;0.348433,0.408101;0.408101,0.90307;0.90307,0.934;0.934,0.98488;0.98488,.;.,.;.,0.0,0.0,0.0,0.0,0.0
241504052,R,S,A,C;T,366,c.1098T>A;c.1098T>G,p.Ser366Arg,.;.,0.521312;0.521305,0.528455;0.52845,0.95098;0.95098,0.859;0.859,0.9568;0.9568,.;.,.;.,6.999999999979245e-06,5.000000000032756e-06,0.0,0.0,0.0
241504055,R,S,G,C;T,365,c.1095C>A;c.1095C>G,p.Ser365Arg,.;.,0.56317;0.563165,0.557595;0.557591,0.96013;0.96013,0.839;0.839,0.94938;0.94938,.;.,.;.,4.999999999921734e-06,4.000000000004e-06,0.0,0.0,0.0
241504060,R,G,C,G;T,364,c.1090G>A;c.1090G>C,p.Gly364Arg,.;rs2147916036,0.586508;0.586497,0.573842;0.573834,0.96644;0.96644,0.971;0.971,0.99671;0.99671,.;.,.;.,1.0999999999983245e-05,8.000000000008e-06,0.0,0.0,0.0
241504064,D,E,T,A;G,362,c.1086A>C;c.1086A>T,p.Glu362Asp,rs1553341008;.,0.220561;0.220566,0.319081;0.319084,0.84291;0.84292,0.839;0.839,0.94938;0.94938,.;.,.;.,5.0000000000050004e-06,2.9999999999752447e-06,9.99999999995449e-06,0.0,0.0
241504067,K,N,A,C;T,361,c.1083T>A;c.1083T>G,p.Asn361Lys,rs1659849280;.,0.0923177;0.0923098,0.229802;0.229796,0.76529;0.76529,0.849;0.849,0.9531;0.9531,Uncertain_significance;.,"criteria_provided,_single_submitter;.",7.900000000005125e-06,6.0000000000060005e-06,0.0,0.0,0.0
241504070,D,E,T,A;G,360,c.1080A>C;c.1080A>T,p.Glu360Asp,.;.,0.0771432;0.0771466,0.219238;0.21924,0.7552;0.75522,0.698;0.698,0.89052;0.89052,.;.,.;.,3.4000000000006247e-06,2.000000000002e-06,2.0000000000020002e-05,0.0,0.0
241504076,F,L,C,A;G,358,c.1074G>C;c.1074G>T,p.Leu358Phe,.;.,0.286981;0.286982,0.36532;0.365321,0.87564;0.87564,0.873;0.872,0.96198;0.96161,.;.,.;.,1.0000000000287557e-06,1.0000000000287557e-06,0.0,0.0010000000000000009,0.00036999999999998145
241504082,F,L,C,A;G,356,c.1068G>C;c.1068G>T,p.Leu356Phe,.;.,0.382641;0.38261,0.431916;0.431894,0.91567;0.91566,0.817;0.817,0.94105;0.94105,.;.,.;.,3.100000000000325e-05,2.2000000000022002e-05,9.99999999995449e-06,0.0,0.0
241504085,D,E,T,A;G,355,c.1065A>C;c.1065A>T,p.Glu355Asp,.;.,0.483508;0.483512,0.502137;0.502139,0.94307;0.94307,0.921;0.921,0.98001;0.98001,.;.,.;.,4.000000000004e-06,2.0000000000575113e-06,0.0,0.0,0.0
241504090,R,G,C,G;T,354,c.1060G>A;c.1060G>C,p.Gly354Arg,.;.,0.308967;0.308956,0.380626;0.380619,0.88669;0.88669,0.879;0.879,0.96419;0.96419,.;.,.;.,1.0999999999983245e-05,7.000000000034756e-06,0.0,0.0,0.0
241504115,F,L,C,A;G,345,c.1035G>C;c.1035G>T,p.Leu345Phe,.;.,0.381331;0.381331,0.431004;0.431004,0.91521;0.91521,0.925;0.925,0.98152;0.98152,.;.,.;.,0.0,0.0,0.0,0.0,0.0
241504118,L,F,A,C;T,344,c.1032T>A;c.1032T>G,p.Phe344Leu,.;.,0.379508;0.379498,0.429735;0.429728,0.91456;0.91456,0.657;0.657,0.87075;0.87075,.;.,.;.,1.0000000000010001e-05,6.999999999979245e-06,0.0,0.0,0.0
241504127,E,D,A,C;T,341,c.1023T>A;c.1023T>G,p.Asp341Glu,rs863223973;.,0.493552;0.493541,0.509129;0.509121,0.94506;0.94506,0.854;0.854,0.95495;0.95495,Pathogenic;.,"criteria_provided,_multiple_submitters,_no_conflicts;.",1.0999999999983245e-05,8.000000000008e-06,0.0,0.0,0.0
241504130,K,N,A,C;T,340,c.1020T>A;c.1020T>G,p.Asn340Lys,.;rs398123159,0.10737;0.107358,0.240281;0.195964,0.77523;0.73318,0.885;0.885,0.96643;0.96643,.;Pathogenic/Likely_pathogenic,".;criteria_provided,_multiple_submitters,_no_conflicts",1.1999999999998123e-05,0.044316999999999995,0.04204999999999992,0.0,0.0
241504138,L,I,T,A;G,338,c.1012A>C;c.1012A>T,p.Ile338Leu,.;.,0.360804;0.360808,0.416714;0.416717,0.90782;0.90782,0.853;0.853,0.95458;0.95458,Uncertain_significance;Uncertain_significance,"criteria_provided,_single_submitter;criteria_provided,_single_submitter",4.000000000004e-06,3.000000000030756e-06,0.0,0.0,0.0
241504139,N,K,C,A;G,337,c.1011G>C;c.1011G>T,p.Lys337Asn,.;.,0.303574;0.303577,0.376872;0.376874,0.88426;0.88426,0.931;0.931,0.98376;0.98376,.;.,.;.,2.9999999999752447e-06,2.000000000002e-06,0.0,0.0,0.0
241504142,I,M,C,A;G;T,336,c.1008G>A;c.1008G>C;c.1008G>T,p.Met336Ile,.;.;.,0.486328;0.486331;0.48632,0.5041;0.504102;0.504094,0.94348;0.94348;0.94348,0.914;0.914;0.913,0.97735;0.97735;0.97697,.;.;.,.;.;.,1.1000000000038757e-05,8.000000000008e-06,0.0,0.0010000000000000009,0.00038000000000004697
241504144,L,M,T,A;G,336,c.1006A>C;c.1006A>T,p.Met336Leu,.;.,0.419303;0.419303,0.457439;0.457439,0.92757;0.92757,0.856;0.856,0.9557;0.9557,.;.,.;.,0.0,0.0,0.0,0.0,0.0
241504148,R,S,A,C;T,334,c.1002T>A;c.1002T>G,p.Ser334Arg,rs2147916185;.,0.539239;0.539229,0.540935;0.540928,0.95434;0.95434,0.902;0.902,0.97281;0.97281,Likely_pathogenic;.,"criteria_provided,_single_submitter;.",1.0000000000065512e-05,7.000000000090267e-06,0.0,0.0,0.0
241504163,K,N,G,C;T,329,c.987C>A;c.987C>G,p.Asn329Lys,.;.,0.0294542;0.0294496,0.186038;0.186035,0.72394;0.72394,0.634;0.634,0.85909;0.85909,.;.,.;.,4.600000000000437e-06,3.0000000000030003e-06,0.0,0.0,0.0
241504166,I,M,C,A;G;T,328,c.984G>A;c.984G>C;c.984G>T,p.Met328Ile,.;.;.,0.0259288;0.025924;0.0259112,0.183584;0.18358;0.183571,0.72167;0.72167;0.72165,0.496;0.496;0.496,0.77984;0.77984;0.77984,.;.;Uncertain_significance,".;.;criteria_provided,_single_submitter",1.759999999999956e-05,1.2999999999985246e-05,2.0000000000020002e-05,0.0,0.0
241504168,L,M,T,A;G,328,c.982A>C;c.982A>T,p.Met328Leu,.;rs146816517,-0.0397791;-0.039787,0.13784;0.01146,0.67888;0.52908,0.395;0.409,0.70849;0.71949,.;Uncertain_significance,".;criteria_provided,_multiple_submitters,_no_conflicts",7.900000000005125e-06,0.12638,0.14980000000000004,0.013999999999999957,0.01100000000000001
241504174,R,G,C,G;T,326,c.976G>A;c.976G>C,p.Gly326Arg,.;rs1553341038,0.586947;0.586937,0.574148;0.574141,0.9665;0.9665,0.965;0.965,0.99518;0.99518,.;Uncertain_significance,".;criteria_provided,_single_submitter",9.99999999995449e-06,6.999999999979245e-06,0.0,0.0,0.0
241504175,R,S,A,C;T,325,c.975T>A;c.975T>G,p.Ser325Arg,.;.,0.466914;0.466903,0.490584;0.490577,0.93976;0.93976,0.811;0.812,0.93873;0.93912,.;.,.;.,1.0999999999983245e-05,7.000000000034756e-06,0.0,0.0010000000000000009,0.00039000000000000146
241504181,D,E,C,A;G,323,c.969G>C;c.969G>T,p.Glu323Asp,.;.,0.358332;0.358338,0.414993;0.414997,0.9069;0.9069,0.728;0.728,0.90418;0.90418,.;.,.;.,6.0000000000060005e-06,4.000000000004e-06,0.0,0.0,0.0
241504193,E,D,G,C;T,319,c.957C>A;c.957C>G,p.Asp319Glu,.;.,0.497756;0.497751,0.512056;0.512052,0.94593;0.94593,0.888;0.888,0.96755;0.96755,.;.,.;.,4.999999999977245e-06,4.000000000004e-06,0.0,0.0,0.0
241504196,Q,H,A,C;T,318,c.954T>A;c.954T>G,p.His318Gln,.;.,0.398414;0.395218,0.442897;0.440672,0.92101;0.91994,0.754;0.754,0.91551;0.91551,.;.,.;.,0.0031959999999999766,0.002224999999999977,0.0010700000000000154,0.0,0.0
241504211,D,E,T,A;G,313,c.939A>C;c.939A>T,p.Glu313Asp,.;.,0.357895;0.357898,0.414689;0.414691,0.90674;0.90674,0.798;0.798,0.93363;0.93363,.;.,.;.,2.9999999999752447e-06,2.000000000002e-06,0.0,0.0,0.0
241504214,L,F,A,C;T,312,c.936T>A;c.936T>G,p.Phe312Leu,rs2147916319;.,0.486205;0.486196,0.504014;0.504008,0.94346;0.94346,0.919;0.919,0.97925;0.97925,Pathogenic/Likely_pathogenic;.,"criteria_provided,_multiple_submitters,_no_conflicts;.",8.999999999981245e-06,5.999999999950489e-06,0.0,0.0,0.0
241504217,N,K,T,A;G,311,c.933A>C;c.933A>T,p.Lys311Asn,.;.,0.0899018;0.0899064,0.22812;0.228123,0.76369;0.76369,0.835;0.835,0.94788;0.94788,.;.,.;.,4.599999999993498e-06,3.0000000000030003e-06,0.0,0.0,0.0
241504220,K,N,A,C;T,310,c.930T>A;c.930T>G,p.Asn310Lys,.;.,0.136449;0.136443,0.260525;0.26052,0.79427;0.79426,0.875;0.875,0.96271;0.96271,.;.,.;.,5.999999999978245e-06,5.000000000032756e-06,1.0000000000065512e-05,0.0,0.0
241504235,L,F,A,C;T,305,c.915T>A;c.915T>G,p.Phe305Leu,rs2147916371;.,0.385703;0.385694,0.434048;0.434041,0.91672;0.91672,0.831;0.831,0.94638;0.94638,Likely_pathogenic;.,"criteria_provided,_single_submitter;.",9.000000000036756e-06,6.999999999979245e-06,0.0,0.0,0.0
241504241,F,L,C,A;G,303,c.909G>C;c.909G>T,p.Leu303Phe,.;rs1659857850,0.217065;0.217069,0.316647;0.31665,0.84117;0.84117,0.784;0.784,0.92802;0.92802,.;Uncertain_significance,".;criteria_provided,_multiple_submitters,_no_conflicts",4.000000000004e-06,2.9999999999752447e-06,0.0,0.0,0.0
241506018,L,V,C,A;G,297,c.889G>C;c.889G>T,p.Val297Leu,.;.,0.223475;0.223475,0.321109;0.321109,0.8444;0.8444,0.548;0.548,0.81155;0.81155,.;.,.;.,0.0,0.0,0.0,0.0,0.0
241506019,N,K,T,A;G,296,c.888A>C;c.888A>T,p.Lys296Asn,.;.,-0.0840519;-0.0840607,0.107018;0.107012,0.64792;0.64792,0.464;0.462,0.75894;0.7576,.;.,.;.,8.80000000000325e-06,6.0000000000060005e-06,0.0,0.0020000000000000018,0.0013399999999998968
241506031,N,K,C,A;G,292,c.876G>C;c.876G>T,p.Lys292Asn,rs2147917537;.,0.0233127;0.0233156,0.181762;0.181764,0.71998;0.71998,0.767;0.767,0.921;0.921,Uncertain_significance;.,"criteria_provided,_single_submitter;.",2.9000000000001247e-06,2.000000000002e-06,0.0,0.0,0.0
241506034,D,E,T,A;G,291,c.873A>C;c.873A>T,p.Glu291Asp,.;.,0.170422;0.170424,0.284176;0.284177,0.81537;0.81537,0.738;0.738,0.90859;0.90859,.;.,.;.,2.000000000002e-06,1.0000000000287557e-06,0.0,0.0,0.0
241506040,L,F,A,C;T,289,c.867T>A;c.867T>G,p.Phe289Leu,.;.,0.474259;0.474256,0.495698;0.495696,0.94116;0.94116,0.905;0.905,0.97394;0.97394,.;.,.;.,2.9999999999752447e-06,2.000000000002e-06,0.0,0.0,0.0
241506049,S,R,T,A;G,286,c.858A>C;c.858A>T,p.Arg286Ser,.;.,0.374871;0.374845,0.426507;0.426489,0.9129;0.91289,0.718;0.718,0.8997;0.8997,.;.,.;.,2.6000000000026002e-05,1.8000000000018e-05,1.0000000000065512e-05,0.0,0.0
241506055,K,N,A,C;T,284,c.852T>A;c.852T>G,p.Asn284Lys,.;.,0.1166;0.116596,0.246706;0.246703,0.7813;0.7813,0.876;0.876,0.96308;0.96308,.;.,.;.,3.9999999999901226e-06,3.0000000000030003e-06,0.0,0.0,0.0
241506058,F,L,T,A;G,283,c.849A>C;c.849A>T,p.Leu283Phe,.;.,0.500116;0.500091,0.513699;0.513681,0.9466;0.94659,0.842;0.842,0.9505;0.9505,.;.,.;.,2.5000000000052758e-05,1.799999999996249e-05,9.99999999995449e-06,0.0,0.0
241506084,R,G,C,G;T,275,c.823G>A;c.823G>C,p.Gly275Arg,rs1060499639;rs1060499639,0.586285;0.586277,0.573687;0.573681,0.96641;0.96641,0.966;0.966,0.99545;0.99545,Conflicting_classifications_of_pathogenicity;Pathogenic,"criteria_provided,_conflicting_classifications;criteria_provided,_single_submitter",7.999999999896978e-06,5.999999999950489e-06,0.0,0.0,0.0
241506094,D,E,C,A;G,271,c.813G>C;c.813G>T,p.Glu271Asp,.;.,0.395427;0.395429,0.440817;0.440819,0.92002;0.92002,0.656;0.656,0.87025;0.87025,.;.,.;.,2.000000000002e-06,2.000000000002e-06,0.0,0.0,0.0
241506103,S,R,T,A;G,268,c.804A>C;c.804A>T,p.Arg268Ser,.;.,0.372526;0.37253,0.424874;0.424877,0.9121;0.9121,0.758;0.758,0.91722;0.91722,.;.,.;.,3.999999999948489e-06,3.000000000030756e-06,0.0,0.0,0.0
241506109,I,M,C,A;G;T,266,c.798G>A;c.798G>C;c.798G>T,p.Met266Ile,.;.;rs2147917691,0.0451703;0.0451722;0.0451549,0.196979;0.19698;0.196968,0.73413;0.73413;0.73411,0.463;0.463;0.463,0.75827;0.75827;0.75827,.;.;.,.;.;.,1.730000000000481e-05,1.1999999999984245e-05,1.999999999990898e-05,0.0,0.0
241506111,L,M,T,A;G,266,c.796A>C;c.796A>T,p.Met266Leu,rs754285771;.,-0.126953;-0.126952,0.077152;0.0771527,0.61434;0.61434,0.37;0.37,0.68765;0.68765,Uncertain_significance;.,"criteria_provided,_multiple_submitters,_no_conflicts;.",1.000000000001e-06,7.000000000062512e-07,0.0,0.0,0.0
241506118,N,K,T,A;G,263,c.789A>C;c.789A>T,p.Lys263Asn,rs2147917715;.,-0.0875415;-0.0875389,0.104589;0.104591,0.64534;0.64534,0.464;0.464,0.75894;0.75894,.;.,.;.,2.599999999991498e-06,2.000000000002e-06,0.0,0.0,0.0
241506123,L,I,T,A;G,262,c.784A>C;c.784A>T,p.Ile262Leu,.;rs199829765,-0.0169258;-0.016922,0.15375;0.153752,0.69398;0.69398,0.481;0.481,0.7702;0.7702,.;Uncertain_significance,".;criteria_provided,_single_submitter",3.8000000000017187e-06,2.000000000002e-06,0.0,0.0,0.0
241506124,S,R,T,A;G,261,c.783A>C;c.783A>T,p.Arg261Ser,.;.,0.537522;0.53752,0.53974;0.539738,0.95414;0.95414,0.932;0.932,0.98414;0.98414,.;.,.;.,2.0000000000575113e-06,1.999999999946489e-06,0.0,0.0,0.0
241506130,I,M,C,A;G;T,259,c.777G>A;c.777G>C;c.777G>T,p.Met259Ile,.;.;rs1044975651,-0.203292;-0.203289;-0.203296,0.024007;0.0240091;0.0240043,0.54613;0.54613;0.54613,0.314;0.314;0.314,0.63399;0.63399;0.63399,.;.;Uncertain_significance,".;.;criteria_provided,_multiple_submitters,_no_conflicts",7.000000000007001e-06,4.799999999999249e-06,0.0,0.0,0.0
241506132,L,M,T,A;G,259,c.775A>C;c.775A>T,p.Met259Leu,.;rs1343775223,-0.144105;-0.1441,0.0652113;0.0652147,0.59981;0.59981,0.337;0.337,0.65734;0.65734,.;Uncertain_significance,".;criteria_provided,_single_submitter",5.0000000000050004e-06,3.4000000000006247e-06,0.0,0.0,0.0
241506139,N,K,T,A;G,256,c.768A>C;c.768A>T,p.Lys256Asn,.;.,-0.184472;-0.18447,0.037109;0.0371104,0.56364;0.56366,0.275;0.275,0.58926;0.58926,.;.,.;.,2.000000000002e-06,1.3999999999986246e-06,2.0000000000020002e-05,0.0,0.0
241506144,L,V,C,A;G,255,c.763G>C;c.763G>T,p.Val255Leu,.;.,-0.053454;-0.0534998,0.12832;0.128288,0.6696;0.66959,0.446;0.446,0.74662;0.74662,Uncertain_significance;.,"criteria_provided,_single_submitter;.",4.579999999999862e-05,3.199999999997649e-05,9.99999999995449e-06,0.0,0.0
241506145,H,Q,T,A;G,254,c.762A>C;c.762A>T,p.Gln254His,.;.,0.544362;0.544364,0.544501;0.544503,0.95574;0.95574,0.881;0.881,0.96494;0.96494,.;.,.;.,1.999999999946489e-06,1.999999999946489e-06,0.0,0.0,0.0
241506148,H,Q,T,A;G,253,c.759A>C;c.759A>T,p.Gln253His,.;.,0.390451;0.390454,0.437353;0.437355,0.91837;0.91837,0.728;0.728,0.90418;0.90418,.;.,.;.,3.000000000030756e-06,2.000000000002e-06,0.0,0.0,0.0
241506160,R,S,A,C;T,249,c.747T>A;c.747T>G,p.Ser249Arg,.;.,0.432401;0.432399,0.466557;0.466556,0.93149;0.93149,0.875;0.875,0.96271;0.96271,.;Uncertain_significance,".;criteria_provided,_single_submitter",2.000000000002e-06,9.999999999732445e-07,0.0,0.0,0.0
241506163,L,F,A,C;T,248,c.744T>A;c.744T>G,p.Phe248Leu,rs200094834;.,0.383007;0.383001,0.362115;0.432167,0.87327;0.91582,0.829;0.829,0.94563;0.94563,.;.,.;.,6.0000000000060005e-06,0.070052,0.04254999999999998,0.0,0.0
241506166,D,E,T,A;G,247,c.741A>C;c.741A>T,p.Glu247Asp,rs2147917775;.,0.346553;0.346555,0.406793;0.406794,0.90233;0.90233,0.886;0.886,0.96681;0.96681,.;.,.;.,2.000000000002e-06,9.999999999732445e-07,0.0,0.0,0.0
241508603,H,Q,C,A;G,246,c.738G>C;c.738G>T,p.Gln246His,.;rs2147919372,0.561884;0.561884,0.5567;0.5567,0.95995;0.95995,0.967;0.967,0.99571;0.99571,.;Conflicting_classifications_of_pathogenicity,".;criteria_provided,_conflicting_classifications",0.0,0.0,0.0,0.0,0.0
241508608,R,G,C,G;T,245,c.733G>A;c.733G>C,p.Gly245Arg,.;rs1287444534,0.602071;0.602067,0.584677;0.584674,0.97055;0.97054,0.975;0.975,0.99762;0.99762,.;Uncertain_significance,".;criteria_provided,_multiple_submitters,_no_conflicts",4.000000000004e-06,2.9999999999752447e-06,1.0000000000065512e-05,0.0,0.0
241508627,E,D,A,C;T,238,c.714T>A;c.714T>G,p.Asp238Glu,.;.,0.456977;0.45697,0.483667;0.483662,0.93773;0.93773,0.899;0.899,0.97167;0.97167,.;.,.;.,7.000000000034756e-06,5.000000000032756e-06,0.0,0.0,0.0
241508630,H,Q,C,A;G,237,c.711G>C;c.711G>T,p.Gln237His,.;.,0.543744;0.543747,0.544071;0.544073,0.95487;0.95487,0.935;0.935,0.98525;0.98525,.;Uncertain_significance,".;criteria_provided,_single_submitter",2.9999999999752447e-06,2.0000000000575113e-06,0.0,0.0,0.0
241508636,Q,H,A,C;T,235,c.705T>A;c.705T>G,p.His235Gln,rs919993170;.,0.457342;0.457337,0.483921;0.483917,0.93779;0.93779,0.784;0.784,0.92802;0.92802,Likely_pathogenic;.,"criteria_provided,_single_submitter;.",5.000000000032756e-06,4.000000000004e-06,0.0,0.0,0.0
241508647,R,G,C,G;T,232,c.694G>A;c.694G>C,p.Gly232Arg,.;rs1231254705,0.601033;0.601026,0.583954;0.516522,0.97043;0.9475,0.984;0.984,0.99918;0.99918,.;.,.;.,7.000000000090267e-06,0.06743199999999994,0.022930000000000006,0.0,0.0
241508651,N,K,C,A;G,230,c.690G>C;c.690G>T,p.Lys230Asn,.;rs2147919465,0.163777;0.163781,0.279549;0.279552,0.81142;0.81142,0.86;0.86,0.95717;0.95717,.;Likely_pathogenic,".;criteria_provided,_single_submitter",4.000000000004e-06,3.000000000030756e-06,0.0,0.0,0.0
241508660,H,Q,C,A;G,227,c.681G>C;c.681G>T,p.Gln227His,rs1209612410;.,-0.207899;-0.20792,0.0207998;0.0207852,0.54179;0.54179,0.337;0.337,0.65734;0.65734,Uncertain_significance;.,"criteria_provided,_single_submitter;.",2.0999999999993246e-05,1.460000000000003e-05,0.0,0.0,0.0
241508666,L,F,A,C;T,225,c.675T>A;c.675T>G,p.Phe225Leu,rs1270246282;rs1270246282,0.465814;0.465807,0.489819;0.489814,0.93941;0.9394,0.877;0.877,0.96345;0.96345,.;Uncertain_significance,".;criteria_provided,_multiple_submitters,_no_conflicts",6.999999999979245e-06,4.999999999977245e-06,9.99999999995449e-06,0.0,0.0
241508669,D,E,C,A;G,224,c.672G>C;c.672G>T,p.Glu224Asp,.;rs1659992801,-0.107598;-0.107601,0.0906263;0.0906242,0.62998;0.62998,0.419;0.419,0.7271;0.7271,.;Uncertain_significance,".;criteria_provided,_single_submitter",3.0000000000030003e-06,2.1000000000048757e-06,0.0,0.0,0.0
241508672,N,K,T,A;G,223,c.669A>C;c.669A>T,p.Lys223Asn,.;.,-0.223643;-0.223643,0.00983929;0.00983929,0.52688;0.52688,0.398;0.399,0.71088;0.71168,.;.,.;.,0.0,0.0,0.0,0.0010000000000000009,0.0008000000000000229
241508678,N,K,T,A;G,221,c.663A>C;c.663A>T,p.Lys221Asn,.;.,0.134793;0.134795,0.259372;0.259373,0.7932;0.7932,0.854;0.854,0.95495;0.95495,.;.,.;.,2.000000000002e-06,1.0000000000287557e-06,0.0,0.0,0.0
241508684,E,D,A,C;T,219,c.657T>A;c.657T>G,p.Asp219Glu,rs995196012;.,-0.306683;-0.306688,-0.0479707;-0.0479741,0.44415;0.44415,0.341;0.341,0.6612;0.6612,Uncertain_significance;.,"criteria_provided,_single_submitter;.",5.000000000032756e-06,3.4000000000006247e-06,0.0,0.0,0.0
241508693,E,D,A,C;T,216,c.648T>A;c.648T>G,p.Asp216Glu,rs199536615;rs199536615,-0.0230598;-0.023065,0.149479;-0.0414835,0.68995;0.45391,0.512;0.513,0.78984;0.79046,Uncertain_significance;Conflicting_classifications_of_pathogenicity,"criteria_provided,_multiple_submitters,_no_conflicts;criteria_provided,_conflicting_classifications",5.200000000000343e-06,0.1909625,0.23603999999999997,0.0010000000000000009,0.0006200000000000649
241508696,Q,H,A,C;T,215,c.645T>A;c.645T>G,p.His215Gln,.;.,-0.11557;-0.115574,0.0850765;0.0850737,0.62364;0.62364,0.348;0.347,0.66781;0.66687,.;.,.;.,3.9999999999901226e-06,2.799999999997249e-06,0.0,0.0010000000000000009,0.0009400000000000519
241508699,F,L,T,A;G,214,c.642A>C;c.642A>T,p.Leu214Phe,.;.,0.215063;0.215062,0.315253;0.315253,0.84017;0.84017,0.669;0.669,0.87667;0.87667,.;.,.;.,1.000000000001e-06,0.0,0.0,0.0,0.0
241508702,N,K,C,A;G,213,c.639G>C;c.639G>T,p.Lys213Asn,rs377222193;.,-0.1308;-0.130798,0.0744738;0.0744752,0.61114;0.61114,0.444;0.444,0.74522;0.74522,.;.,.;.,2.000000000002e-06,1.3999999999986246e-06,0.0,0.0,0.0
241508705,H,Q,C,A;G,212,c.636G>C;c.636G>T,p.Gln212His,.;rs1270956851,0.0167127;0.0167155,0.177168;0.0507954,0.71573;0.58154,0.51;0.51,0.78861;0.78861,.;Uncertain_significance,".;criteria_provided,_multiple_submitters,_no_conflicts",2.8000000000007186e-06,0.1263726,0.13419000000000003,0.0,0.0
241508713,R,G,C,G;T,210,c.628G>A;c.628G>C,p.Gly210Arg,.;rs949267641,0.131686;0.131679,0.257209;0.139462,0.79118;0.68045,0.765;0.765,0.92017;0.92017,.;Uncertain_significance,".;criteria_provided,_single_submitter",7.000000000007001e-06,0.11774700000000002,0.11073,0.0,0.0
241508717,F,L,T,A;G,208,c.624A>C;c.624A>T,p.Leu208Phe,.;.,0.255577;0.255566,0.343458;0.34345,0.85967;0.85967,0.755;0.755,0.91594;0.91594,.;.,.;.,1.0999999999983245e-05,8.000000000008e-06,0.0,0.0,0.0
241508725,L,V,C,A;G,206,c.616G>C;c.616G>T,p.Val206Leu,rs763183520;.,0.0294201;0.0294178,0.186014;0.186013,0.72393;0.72393,0.391;0.392,0.70527;0.70607,Uncertain_significance;.,"criteria_provided,_single_submitter;.",2.3000000000002185e-06,1.000000000001e-06,0.0,0.0010000000000000009,0.0008000000000000229
241508726,D,E,T,A;G,205,c.615A>C;c.615A>T,p.Glu205Asp,.;.,-0.222897;-0.222899,0.0103586;0.0103572,0.52757;0.52757,0.359;0.359,0.67792;0.67792,.;.,.;.,2.000000000002e-06,1.4000000000003593e-06,0.0,0.0,0.0
241508729,Q,H,A,C;T,204,c.612T>A;c.612T>G,p.His204Gln,rs1424868653;rs1424868653,-0.00279446;-0.0028027,0.163587;0.163582,0.70315;0.70315,0.574;0.553,0.82655;0.81449,Uncertain_significance;Uncertain_significance,"criteria_provided,_multiple_submitters,_no_conflicts;criteria_provided,_single_submitter",8.24000000000007e-06,5.0000000000050004e-06,0.0,0.020999999999999908,0.01205999999999996
241508735,D,E,T,A;G,202,c.606A>C;c.606A>T,p.Glu202Asp,.;.,0.377541;0.377544,0.428366;0.428368,0.9139;0.9139,0.82;0.82,0.94221;0.94221,.;Uncertain_significance,".;criteria_provided,_single_submitter",2.9999999999752447e-06,2.000000000002e-06,0.0,0.0,0.0
241508740,L,I,T,A;G,201,c.601A>C;c.601A>T,p.Ile201Leu,.;.,-0.263074;-0.263093,-0.0176114;-0.0176246,0.48864;0.48862,0.334;0.334,0.6544;0.6544,.;.,.;.,1.9000000000046757e-05,1.3200000000001405e-05,2.0000000000020002e-05,0.0,0.0
241508753,Q,H,G,C;T,196,c.588C>A;c.588C>G,p.His196Gln,.;.,0.423097;0.423093,0.46008;0.460077,0.92876;0.92876,0.88;0.88,0.96457;0.96457,.;.,.;.,4.000000000004e-06,2.9999999999752447e-06,0.0,0.0,0.0
241508756,I,M,C,A;G;T,195,c.585G>A;c.585G>C;c.585G>T,p.Met195Ile,.;.;rs2147919663,0.358373;0.358373;0.358373,0.415021;0.415021;0.415021,0.90691;0.90691;0.90691,0.595;0.594;0.595,0.83832;0.83777;0.83832,.;.;.,.;.;.,0.0,0.0,0.0,0.0010000000000000009,0.0005499999999999394
241508758,L,M,T,A;G,195,c.583A>C;c.583A>T,p.Met195Leu,.;.,0.386506;0.386506,0.434607;0.434607,0.91702;0.91702,0.683;0.683,0.88344;0.88344,.;.,.;.,0.0,0.0,0.0,0.0,0.0
241508768,L,F,A,C;T,191,c.573T>A;c.573T>G,p.Phe191Leu,.;.,0.423779;0.423774,0.460555;0.460552,0.92896;0.92896,0.777;0.777,0.92515;0.92515,.;.,.;.,5.000000000032756e-06,2.9999999999752447e-06,0.0,0.0,0.0
241508774,E,D,A,C;T,189,c.567T>A;c.567T>G,p.Asp189Glu,.;.,0.529443;0.529437,0.534115;0.534111,0.95252;0.95252,0.931;0.931,0.98376;0.98376,.;.,.;.,5.999999999950489e-06,4.000000000004e-06,0.0,0.0,0.0
241508777,K,N,A,C;T,188,c.564T>A;c.564T>G,p.Asn188Lys,.;.,0.126336;0.126329,0.253484;0.253479,0.78771;0.78769,0.869;0.868,0.9605;0.96013,.;.,.;.,7.000000000007001e-06,4.999999999977245e-06,2.0000000000020002e-05,0.0010000000000000009,0.00036999999999998145
241508783,R,S,G,C;T,186,c.558C>A;c.558C>G,p.Ser186Arg,.;.,0.560744;0.56074,0.555906;0.555903,0.95981;0.95981,0.917;0.917,0.97849;0.97849,.;.,.;.,4.000000000004e-06,2.9999999999752447e-06,0.0,0.0,0.0
241511967,H,Q,C,A;G,185,c.555G>C;c.555G>T,p.Gln185His,rs1660094798;.,0.581011;0.581013,0.570015;0.570017,0.96576;0.96576,0.899;0.899,0.97167;0.97167,Uncertain_significance;.,"criteria_provided,_single_submitter;.",1.999999999946489e-06,1.999999999946489e-06,0.0,0.0,0.0
241511970,R,S,G,C;T,184,c.552C>A;c.552C>G,p.Ser184Arg,rs377660762;.,0.554735;0.55473,0.551723;0.551719,0.9579;0.9579,0.892;0.892,0.96904;0.96904,Uncertain_significance;Uncertain_significance,"criteria_provided,_single_submitter;criteria_provided,_single_submitter",5.000000000032756e-06,4.000000000004e-06,0.0,0.0,0.0
241511973,N,K,T,A;G,183,c.549A>C;c.549A>T,p.Lys183Asn,.;.,0.129356;0.129361,0.255587;0.25559,0.78965;0.78965,0.785;0.785,0.92843;0.92843,.;.,.;.,5.0000000000050004e-06,2.9999999999752447e-06,0.0,0.0,0.0
241511976,K,N,A,C;T,182,c.546T>A;c.546T>G,p.Asn182Lys,.;.,0.146856;0.146849,0.26777;0.267765,0.80095;0.80094,0.816;0.816,0.94067;0.94067,.;.,.;.,6.999999999979245e-06,5.000000000032756e-06,1.0000000000065512e-05,0.0,0.0
241511982,Q,H,A,C;T,180,c.540T>A;c.540T>G,p.His180Gln,.;.,0.45877;0.458763,0.484915;0.48491,0.93804;0.93804,0.829;0.829,0.94563;0.94563,.;.,.;.,7.000000000034756e-06,4.999999999977245e-06,0.0,0.0,0.0
241511985,E,D,A,C;T,179,c.537T>A;c.537T>G,p.Asp179Glu,.;.,0.295925;0.295916,0.371547;0.371541,0.88075;0.88075,0.861;0.861,0.95754;0.95754,.;.,.;.,8.999999999981245e-06,6.0000000000060005e-06,0.0,0.0,0.0
241511988,K,N,G,C;T,178,c.534C>A;c.534C>G,p.Asn178Lys,.;rs375878939,0.0880063;0.0879993,0.2268;0.226795,0.76242;0.76242,0.826;0.826,0.94449;0.94449,.;Uncertain_significance,".;criteria_provided,_single_submitter",6.999999999993123e-06,5.0000000000050004e-06,0.0,0.0,0.0
241511994,Q,H,A,C;T,176,c.528T>A;c.528T>G,p.His176Gln,.;.,0.538607;0.538597,0.540495;0.540488,0.95427;0.95427,0.818;0.818,0.94144;0.94144,.;.,.;.,9.99999999995449e-06,6.999999999979245e-06,0.0,0.0,0.0
241511999,L,V,C,A;G,175,c.523G>C;c.523G>T,p.Val175Leu,.;.,0.310267;0.310267,0.381531;0.381531,0.88727;0.88727,0.86;0.86,0.95717;0.95717,.;.,.;.,0.0,0.0,0.0,0.0,0.0
241512005,L,I,T,A;G,173,c.517A>C;c.517A>T,p.Ile173Leu,rs1558400504;.,-0.114645;-0.114642,0.0857204;0.0857225,0.62439;0.62439,0.464;0.464,0.75894;0.75894,Uncertain_significance;.,"criteria_provided,_single_submitter;.",3.0000000000030003e-06,2.099999999990998e-06,0.0,0.0,0.0
241512006,N,K,C,A;G,172,c.516G>C;c.516G>T,p.Lys172Asn,.;.,0.0808458;0.0808493,0.221815;0.221818,0.75767;0.75769,0.714;0.714,0.89789;0.89789,.;.,.;.,3.5000000000035003e-06,2.9999999999752447e-06,2.0000000000020002e-05,0.0,0.0
241512009,R,S,G,C;T,171,c.513C>A;c.513C>G,p.Ser171Arg,rs1660097007;.,0.34024;0.340236,0.402398;0.402395,0.89983;0.89982,0.863;0.863,0.95828;0.95828,Uncertain_significance;.,"criteria_provided,_multiple_submitters,_no_conflicts;.",4.000000000004e-06,2.9999999999752447e-06,1.0000000000065512e-05,0.0,0.0
241512018,D,E,T,A;G,168,c.504A>C;c.504A>T,p.Glu168Asp,.;.,-0.0881238;-0.0881184,0.104184;0.104187,0.6449;0.6449,0.502;0.502,0.78362;0.78362,.;.,.;.,5.400000000002625e-06,3.0000000000030003e-06,0.0,0.0,0.0
241512026,R,G,C,G;T,166,c.496G>A;c.496G>C,p.Gly166Arg,.;rs1660097824,0.588143;0.588135,0.57498;0.574975,0.96882;0.96882,0.964;0.964,0.99491;0.99491,.;Uncertain_significance,".;criteria_provided,_multiple_submitters,_no_conflicts",8.000000000008e-06,5.000000000032756e-06,0.0,0.0,0.0
241512027,F,L,T,A;G,165,c.495A>C;c.495A>T,p.Leu165Phe,.;.,0.246366;0.24636,0.337045;0.337041,0.85536;0.85536,0.782;0.782,0.92721;0.92721,.;.,.;.,6.0000000000060005e-06,4.000000000004e-06,0.0,0.0,0.0
241512030,I,M,C,A;G;T,164,c.492G>A;c.492G>C;c.492G>T,p.Met164Ile,.;rs1370195868;rs1370195868,-0.141469;-0.141498;-0.141489,0.0670464;0.0670262;0.0670324,0.60208;0.60206;0.60206,0.359;0.359;0.359,0.67792;0.67792;0.67792,.;Uncertain_significance;.,".;criteria_provided,_multiple_submitters,_no_conflicts;.",2.9000000000001247e-05,2.0200000000011875e-05,1.999999999990898e-05,0.0,0.0
241512032,L,M,T,A;G,164,c.490A>C;c.490A>T,p.Met164Leu,.;.,0.0163385;0.0163403,0.176907;0.176908,0.71549;0.71549,0.46;0.46,0.75625;0.75625,.;.,.;.,1.7999999999997185e-06,1.000000000001e-06,0.0,0.0,0.0
241512033,D,E,T,A;G,163,c.489A>C;c.489A>T,p.Glu163Asp,.;.,0.315809;0.315814,0.38539;0.385393,0.88976;0.88976,0.82;0.82,0.94221;0.94221,.;.,.;.,4.999999999977245e-06,2.9999999999752447e-06,0.0,0.0,0.0
241512042,S,R,T,A;G,160,c.480A>C;c.480A>T,p.Arg160Ser,.;.,0.52276;0.522762,0.529463;0.529464,0.95114;0.95114,0.896;0.898,0.97054;0.9713,Likely_pathogenic;.,"criteria_provided,_single_submitter;.",1.999999999946489e-06,1.0000000000287557e-06,0.0,0.0020000000000000018,0.0007600000000000939
241512045,K,N,A,C;T,159,c.477T>A;c.477T>G,p.Asn159Lys,.;.,0.103394;0.103383,0.237513;0.237505,0.77257;0.77256,0.852;0.852,0.95421;0.95421,.;.,.;.,1.0999999999997123e-05,8.000000000008e-06,9.99999999995449e-06,0.0,0.0
241512048,R,S,G,C;T,158,c.474C>A;c.474C>G,p.Ser158Arg,.;.,0.564453;0.564445,0.558488;0.558483,0.96029;0.96028,0.896;0.896,0.97054;0.97054,.;.,.;.,8.000000000008e-06,5.000000000032756e-06,9.99999999995449e-06,0.0,0.0
241512057,D,E,T,A;G,155,c.465A>C;c.465A>T,p.Glu155Asp,.;.,0.555127;0.555129,0.551996;0.551997,0.95795;0.95795,0.944;0.944,0.9885;0.9885,.;.,.;.,1.999999999946489e-06,9.999999999177334e-07,0.0,0.0,0.0
241512060,K,N,A,C;T,154,c.462T>A;c.462T>G,p.Asn154Lys,rs2147921891;.,0.159971;0.159961,0.2769;0.276893,0.80909;0.80909,0.863;0.863,0.95828;0.95828,Likely_pathogenic;.,"criteria_provided,_multiple_submitters,_no_conflicts;.",1.0000000000010001e-05,6.999999999979245e-06,0.0,0.0,0.0
241512065,L,V,C,A;G,153,c.457G>C;c.457G>T,p.Val153Leu,rs1660099148;.,0.496405;0.496405,0.511115;0.511115,0.94577;0.94577,0.618;0.618,0.85072;0.85072,.;.,.;.,0.0,0.0,0.0,0.0,0.0
241512066,K,N,A,C;T,152,c.456T>A;c.456T>G,p.Asn152Lys,.;.,0.152425;0.152416,0.271647;0.27164,0.80446;0.80446,0.879;0.879,0.96419;0.96419,.;.,.;.,9.000000000009e-06,7.000000000034756e-06,0.0,0.0,0.0
241512069,I,M,C,A;G;T,151,c.453G>A;c.453G>C;c.453G>T,p.Met151Ile,rs2147921902;.;.,0.589903;0.589903;0.589893,0.576206;0.576206;0.576199,0.96901;0.96901;0.96901,0.932;0.932;0.932,0.98414;0.98414;0.98414,.;.;.,.;.;.,9.99999999995449e-06,6.999999999979245e-06,0.0,0.0,0.0
241512071,L,M,T,A;G,151,c.451A>C;c.451A>T,p.Met151Leu,rs749752047;.,0.579393;0.579396,0.511201;0.568891,0.94578;0.96555,0.927;0.927,0.98227;0.98227,Uncertain_significance;.,"criteria_provided,_single_submitter;.",2.9999999999752447e-06,0.05769000000000002,0.019770000000000065,0.0,0.0
241512072,K,N,A,C;T,150,c.450T>A;c.450T>G,p.Asn150Lys,.;rs1131691242,0.129124;0.129114,0.255425;0.255418,0.78952;0.7895,0.851;0.852,0.95384;0.95421,.;Likely_pathogenic,".;criteria_provided,_multiple_submitters,_no_conflicts",9.999999999982245e-06,7.000000000034756e-06,2.0000000000020002e-05,0.0010000000000000009,0.00036999999999998145
241512078,H,Q,C,A;G,148,c.444G>C;c.444G>T,p.Gln148His,rs928534157;.,0.35847;0.358475,0.415089;0.415092,0.90694;0.90694,0.842;0.842,0.9505;0.9505,.;.,.;.,4.999999999977245e-06,3.000000000030756e-06,0.0,0.0,0.0
241512086,R,G,C,G;T,146,c.436G>A;c.436G>C,p.Gly146Arg,.;.,0.597907;0.5979,0.581778;0.581773,0.96993;0.96993,0.937;0.937,0.98598;0.98598,.;.,.;.,6.999999999979245e-06,5.000000000032756e-06,0.0,0.0,0.0
241512092,R,G,C,G;T,144,c.430G>A;c.430G>C,p.Gly144Arg,.;rs1232023682,0.591029;0.591021,0.576989;0.576984,0.96921;0.96921,0.927;0.927,0.98227;0.98227,.;.,.;.,8.000000000008e-06,4.999999999921734e-06,0.0,0.0,0.0
241512096,H,Q,C,A;G,142,c.426G>C;c.426G>T,p.Gln142His,.;.,0.490779;0.490783,0.507198;0.507201,0.94438;0.94438,0.861;0.861,0.95754;0.95754,.;.,.;.,4.000000000004e-06,2.9999999999752447e-06,0.0,0.0,0.0
241512099,C,W,C,A;G,141,c.423G>C;c.423G>T,p.Trp141Cys,.;rs2147921963,0.598607;0.598607,0.582265;0.582265,0.97;0.97,0.901;0.901,0.97243;0.97243,.;.,.;.,0.0,0.0,0.0,0.0,0.0
241512101,R,W,A,G;T,141,c.421T>A;c.421T>C,p.Trp141Arg,.;.,0.598628;0.598628,0.58228;0.58228,0.97;0.97,0.955;0.955,0.99221;0.99221,.;.,.;.,0.0,0.0,0.0,0.0,0.0
241512104,L,V,C,A;G,140,c.418G>C;c.418G>T,p.Val140Leu,.;rs746195750,0.265884;0.265887,0.350633;0.232893,0.86449;0.76819,0.739;0.739,0.90903;0.90903,.;Uncertain_significance,".;criteria_provided,_multiple_submitters,_no_conflicts",2.9999999999752447e-06,0.11773999999999998,0.09629999999999994,0.0,0.0
241512107,L,V,C,A;G,139,c.415G>C;c.415G>T,p.Val139Leu,rs200343823;rs200343823,0.25682;0.25682,0.344323;0.344323,0.86025;0.86025,0.814;0.814,0.93989;0.93989,Uncertain_significance;Uncertain_significance,"criteria_provided,_single_submitter;criteria_provided,_single_submitter",0.0,0.0,0.0,0.0,0.0
241512114,L,F,A,C;T,136,c.408T>A;c.408T>G,p.Phe136Leu,.;.,0.518925;0.518918,0.526793;0.526788,0.95014;0.95014,0.909;0.909,0.97545;0.97545,.;.,.;.,6.999999999979245e-06,4.999999999921734e-06,0.0,0.0,0.0
241512117,Q,H,A,C;T,135,c.405T>A;c.405T>G,p.His135Gln,rs1298815479;.,0.284818;0.284807,0.226689;0.363807,0.76232;0.87455,0.759;0.759,0.91765;0.91765,Conflicting_classifications_of_pathogenicity;.,"criteria_provided,_conflicting_classifications;.",1.1000000000038757e-05,0.137118,0.11223000000000005,0.0,0.0
241512120,E,D,A,C;T,134,c.402T>A;c.402T>G,p.Asp134Glu,.;.,-0.189778;-0.189779,0.0334151;0.0334144,0.55876;0.55876,0.376;0.376,0.6928;0.6928,Uncertain_significance;.,"criteria_provided,_single_submitter;.",1.000000000001e-06,7.000000000062512e-07,0.0,0.0,0.0
241512123,K,N,A,C;T,133,c.399T>A;c.399T>G,p.Asn133Lys,.;.,-0.11304;-0.113048,0.0868378;0.0868322,0.62568;0.62566,0.44;0.439,0.7424;0.74168,.;.,.;.,7.999999999994123e-06,5.600000000008376e-06,2.0000000000020002e-05,0.0010000000000000009,0.0007199999999999429
241512126,F,L,T,A;G,132,c.396A>C;c.396A>T,p.Leu132Phe,.;.,0.209271;0.209271,0.311221;0.311221,0.83719;0.83719,0.735;0.735,0.90728;0.90728,.;.,.;.,0.0,0.0,0.0,0.0,0.0
241512129,N,K,T,A;G,131,c.393A>C;c.393A>T,p.Lys131Asn,rs2147922022;.,-0.00426824;-0.00426726,0.162561;0.162562,0.7022;0.7022,0.692;0.692,0.88771;0.88771,Uncertain_significance;.,"criteria_provided,_multiple_submitters,_no_conflicts;.",9.800000000002515e-07,1.000000000001e-06,0.0,0.0,0.0
241512135,D,E,T,A;G,129,c.387A>C;c.387A>T,p.Glu129Asp,.;.,-0.163538;-0.163505,0.0516826;0.0517056,0.5827;0.58272,0.414;0.414,0.72332;0.72332,.;.,.;.,3.299999999997749e-05,2.2999999999995246e-05,2.0000000000020002e-05,0.0,0.0
241512143,L,V,C,A;G,127,c.379G>C;c.379G>T,p.Val127Leu,rs878853693;.,0.214497;0.214497,0.314859;0.314859,0.83988;0.83988,0.745;0.745,0.91164;0.91164,Uncertain_significance;.,"criteria_provided,_multiple_submitters,_no_conflicts;.",0.0,0.0,0.0,0.0,0.0
241513603,D,E,C,A;G,126,c.378G>C;c.378G>T,p.Glu126Asp,rs1573886367;rs1573886367,0.221527;0.221527,0.319753;0.319753,0.84343;0.84343,0.523;0.522,0.79659;0.79598,.;Likely_pathogenic,".;criteria_provided,_single_submitter",0.0,0.0,0.0,0.0010000000000000009,0.0006099999999999994
241513606,E,D,A,C;T,125,c.375T>A;c.375T>G,p.Asp125Glu,.;.,0.0926623;0.0926539,0.230042;0.230036,0.76552;0.7655,0.665;0.663,0.87471;0.87372,.;.,.;.,8.400000000005625e-06,6.0000000000060005e-06,2.0000000000020002e-05,0.0020000000000000018,0.0009899999999999354
241513615,N,K,C,A;G,122,c.366G>C;c.366G>T,p.Lys122Asn,.;.,-0.0771112;-0.0771084,0.11185;0.111852,0.65299;0.65299,0.467;0.467,0.76095;0.76095,.;.,.;.,2.800000000011127e-06,1.9999999999881224e-06,0.0,0.0,0.0
241513618,I,M,C,A;G;T,121,c.363G>A;c.363G>C;c.363G>T,p.Met121Ile,.;.;.,-0.13856;-0.138568;-0.138575,0.0690715;0.069066;0.0690611,0.6046;0.60457;0.60457,0.441;0.441;0.441,0.74311;0.74311;0.74311,.;Uncertain_significance;.,".;criteria_provided,_single_submitter;.",1.5000000000015001e-05,1.0399999999993748e-05,2.999999999997449e-05,0.0,0.0
241513620,L,M,T,A;G,121,c.361A>C;c.361A>T,p.Met121Leu,.;rs76196814,-0.0647076;-0.0647063,0.120485;0.120486,0.6618;0.6618,0.48;0.48,0.76955;0.76955,.;.,.;.,1.3000000000096268e-06,1.000000000001e-06,0.0,0.0,0.0
241513623,L,I,T,A;G,120,c.358A>C;c.358A>T,p.Ile120Leu,.;rs199641124,0.182961;0.182963,0.292905;0.292906,0.82265;0.82265,0.854;0.854,0.95495;0.95495,.;Uncertain_significance,".;criteria_provided,_single_submitter",1.9999999999742446e-06,9.999999999732445e-07,0.0,0.0,0.0
241513627,K,N,A,C;T,118,c.354T>A;c.354T>G,p.Asn118Lys,rs1465574376;rs1465574376,-0.193419;-0.193397,0.0308803;0.0308956,0.55536;0.55539,0.379;0.379,0.69534;0.69534,Uncertain_significance;.,"criteria_provided,_multiple_submitters,_no_conflicts;.",2.1999999999994246e-05,1.5299999999999342e-05,3.0000000000085514e-05,0.0,0.0
241513636,N,K,C,A;G,115,c.345G>C;c.345G>T,p.Lys115Asn,.;.,-0.0651022;-0.0651013,0.120211;0.120211,0.66152;0.66152,0.457;0.457,0.75421;0.75421,.;.,.;.,8.999999999981245e-07,0.0,0.0,0.0,0.0
241513642,E,D,A,C;T,113,c.339T>A;c.339T>G,p.Asp113Glu,.;rs1029743950,0.213599;0.213593,0.314234;0.31423,0.83942;0.83942,0.612;0.612,0.84752;0.84752,.;Uncertain_significance,".;criteria_provided,_multiple_submitters,_no_conflicts",6.0000000000060005e-06,4.000000000004e-06,0.0,0.0,0.0
241513654,E,D,A,C;T,109,c.327T>A;c.327T>G,p.Asp109Glu,rs757312078;.,-0.212296;-0.212271,0.0177387;0.0177561,0.53765;0.53765,0.313;0.314,0.63293;0.63399,Conflicting_classifications_of_pathogenicity;.,"criteria_provided,_conflicting_classifications;.",2.5000000000025002e-05,1.7400000000000748e-05,0.0,0.0010000000000000009,0.001060000000000061
241513657,H,Q,C,A;G,108,c.324G>C;c.324G>T,p.Gln108His,.;.,0.0237225;0.0237295,0.182048;0.182053,0.72026;0.72026,0.586;0.586,0.83333;0.83333,.;.,.;.,7.000000000000062e-06,5.0000000000050004e-06,0.0,0.0,0.0
241513660,K,N,G,C;T,107,c.321C>A;c.321C>G,p.Asn107Lys,.;.,0.145941;0.145933,0.267133;0.267127,0.80036;0.80036,0.862;0.862,0.95791;0.95791,Pathogenic;.,"criteria_provided,_single_submitter;.",7.999999999980245e-06,6.0000000000060005e-06,0.0,0.0,0.0
241513665,L,V,C,A;G,106,c.316G>C;c.316G>T,p.Val106Leu,.;.,0.34045;0.340454,0.402544;0.402547,0.8999;0.89991,0.857;0.857,0.95607;0.95607,.;.,.;.,4.000000000004e-06,2.9999999999752447e-06,9.99999999995449e-06,0.0,0.0
241513666,D,E,T,A;G,105,c.315A>C;c.315A>T,p.Glu105Asp,.;.,0.0723166;0.0723183,0.215877;0.215879,0.75202;0.75202,0.547;0.546,0.81097;0.81038,.;.,.;.,1.7000000000072513e-06,1.9999999999742446e-06,0.0,0.0010000000000000009,0.0005899999999999794
241513681,N,K,C,A;G,100,c.300G>C;c.300G>T,p.Lys100Asn,rs1660147576;.,0.169181;0.169185,0.283312;0.283314,0.81464;0.81464,0.878;0.878,0.96382;0.96382,.;.,.;.,4.000000000004e-06,2.000000000002e-06,0.0,0.0,0.0
241513684,F,L,C,A;G,99,c.297G>C;c.297G>T,p.Leu99Phe,.;rs1217611838,0.0802141;0.0802116,0.221375;0.153947,0.75726;0.69415,0.623;0.623,0.85336;0.85336,.;.,.;.,2.5000000000025002e-06,0.06742799999999999,0.06311,0.0,0.0
241513693,L,F,A,C;T,96,c.288T>A;c.288T>G,p.Phe96Leu,.;.,0.359669;0.359666,0.415924;0.415922,0.9074;0.9074,0.677;0.677,0.88056;0.88056,.;.,.;.,3.000000000030756e-06,2.000000000002e-06,0.0,0.0,0.0
241513699,N,K,T,A;G,94,c.282A>C;c.282A>T,p.Lys94Asn,.;.,-0.0171915;-0.0171883,0.153565;0.153567,0.6938;0.6938,0.578;0.578,0.82883;0.82883,.;.,.;.,3.199999999998343e-06,2.000000000002e-06,0.0,0.0,0.0
241517185,I,M,C,A;G;T,88,c.264G>A;c.264G>C;c.264G>T,p.Met88Ile,.;rs2147925082;rs2147925082,0.373162;0.373162;0.373162,0.425317;0.425317;0.425317,0.91232;0.91232;0.91232,0.908;0.908;0.908,0.97508;0.97508;0.97508,.;Uncertain_significance;.,".;criteria_provided,_single_submitter;.",0.0,0.0,0.0,0.0,0.0
241517187,L,M,T,A;G,88,c.262A>C;c.262A>T,p.Met88Leu,.;rs1660240175,0.268311;0.268311,0.352323;0.352323,0.86564;0.86564,0.892;0.892,0.96904;0.96904,.;Uncertain_significance,".;criteria_provided,_single_submitter",0.0,0.0,0.0,0.0,0.0
241517191,D,E,T,A;G,86,c.258A>C;c.258A>T,p.Glu86Asp,.;rs755343833,0.175589;0.175593,0.287773;0.287775,0.8184;0.8184,0.679;0.679,0.88152;0.88152,.;.,.;.,4.000000000004e-06,2.000000000002e-06,0.0,0.0,0.0
241517199,L,V,C,A;G,84,c.250G>C;c.250G>T,p.Val84Leu,.;.,-0.142539;-0.142559,0.0663015;0.0662875,0.60116;0.60116,0.376;0.376,0.6928;0.6928,.;.,.;.,1.9999999999992246e-05,1.4000000000000123e-05,0.0,0.0,0.0
241517205,R,G,C,G;T,82,c.244G>A;c.244G>C,p.Gly82Arg,.;.,0.569779;0.569769,0.562196;0.562189,0.96243;0.96243,0.953;0.953,0.99157;0.99157,.;.,.;.,1.0000000000065512e-05,6.999999999979245e-06,0.0,0.0,0.0
241517209,N,K,C,A;G,80,c.240G>C;c.240G>T,p.Lys80Asn,.;rs1573888362,0.00135659;0.00135914,0.166477;0.166479,0.70585;0.70585,0.473;0.473,0.76495;0.76495,.;Uncertain_significance,".;criteria_provided,_multiple_submitters,_no_conflicts",2.550000000000035e-06,1.9999999999742446e-06,0.0,0.0,0.0
241517212,L,F,A,C;T,79,c.237T>A;c.237T>G,p.Phe79Leu,rs1443879574;.,0.514115;0.514103,0.523444;0.523436,0.9496;0.9496,0.905;0.906,0.97394;0.97431,.;.,.;.,1.2000000000012001e-05,8.000000000008e-06,0.0,0.0010000000000000009,0.00036999999999998145
241517215,K,N,G,C;T,78,c.234C>A;c.234C>G,p.Asn78Lys,.;rs993218685,0.118337;0.118331,0.247916;0.247911,0.78247;0.78245,0.915;0.915,0.97773;0.97773,.;Uncertain_significance,".;criteria_provided,_multiple_submitters,_no_conflicts",5.999999999992123e-06,5.0000000000050004e-06,2.0000000000020002e-05,0.0,0.0
241517218,I,M,C,A;G;T,77,c.231G>A;c.231G>C;c.231G>T,p.Met77Ile,.;.;rs2147925144,0.151176;0.151178;0.151162,0.270777;0.270778;0.270767,0.80366;0.80367;0.80366,0.542;0.542;0.542,0.80802;0.80802;0.80802,.;.;.,.;.;.,1.6000000000016e-05,1.1000000000038757e-05,9.99999999995449e-06,0.0,0.0
241517220,L,M,T,A;G,77,c.229A>C;c.229A>T,p.Met77Leu,.;.,-0.0130148;-0.0130099,0.156472;0.156476,0.69652;0.69654,0.455;0.455,0.75284;0.75284,.;.,.;.,4.90000000000039e-06,4.000000000004e-06,2.0000000000020002e-05,0.0,0.0
241517227,S,R,T,A;G,74,c.222A>C;c.222A>T,p.Arg74Ser,rs146739519;.,0.538164;0.538167,0.529406;0.540189,0.95113;0.95422,0.852;0.851,0.95421;0.95384,Conflicting_classifications_of_pathogenicity;.,"criteria_provided,_conflicting_classifications;.",2.9999999999752447e-06,0.010782999999999987,0.003089999999999926,0.0010000000000000009,0.00036999999999998145
241517232,L,V,C,A;G,73,c.217G>C;c.217G>T,p.Val73Leu,.;rs201878591,0.212234;0.212236,0.313284;0.313285,0.83873;0.83873,0.572;0.572,0.82541;0.82541,.;Uncertain_significance,".;criteria_provided,_single_submitter",2.000000000002e-06,9.999999999732445e-07,0.0,0.0,0.0
241517236,H,Q,C,A;G,71,c.213G>C;c.213G>T,p.Gln71His,.;.,0.462689;0.462694,0.487643;0.487647,0.93887;0.93887,0.819;0.819,0.94182;0.94182,.;.,.;.,4.999999999977245e-06,4.000000000004e-06,0.0,0.0,0.0
241517251,N,K,C,A;G,66,c.198G>C;c.198G>T,p.Lys66Asn,.;.,0.0836016;0.0836027,0.223734;0.223735,0.75951;0.75951,0.854;0.854,0.95495;0.95495,.;.,.;.,1.1000000000038757e-06,1.000000000001e-06,0.0,0.0,0.0
241517254,E,D,A,C;T,65,c.195T>A;c.195T>G,p.Asp65Glu,.;.,0.15875;0.158742,0.27605;0.276044,0.80835;0.80834,0.637;0.637,0.86064;0.86064,.;.,.;.,8.000000000008e-06,6.0000000000060005e-06,1.0000000000065512e-05,0.0,0.0
241517257,K,N,A,C;T,64,c.192T>A;c.192T>G,p.Asn64Lys,rs773309062;.,-0.192923;-0.192934,0.0312256;0.031218,0.55585;0.55582,0.364;0.364,0.68239;0.68239,.;.,.;.,1.0999999999983245e-05,7.599999999999968e-06,2.999999999997449e-05,0.0,0.0
241517265,L,V,C,A;G,62,c.184G>C;c.184G>T,p.Val62Leu,rs199894369;.,0.151441;0.151441,0.270962;0.270962,0.80381;0.80381,0.9;0.9,0.97205;0.97205,.;.,.;.,0.0,0.0,0.0,0.0,0.0
241517266,N,K,C,A;G,61,c.183G>C;c.183G>T,p.Lys61Asn,rs766840026;rs766840026,-0.0556699;-0.055666,0.000402831;0.0593529,0.51388;0.59247,0.531;0.531,0.80145;0.80145,.;Uncertain_significance,".;criteria_provided,_single_submitter",3.900000000001125e-06,0.058950069,0.07859000000000005,0.0,0.0
241517272,D,E,T,A;G,59,c.177A>C;c.177A>T,p.Glu59Asp,.;.,0.21201;0.212016,0.313128;0.313132,0.83862;0.83862,0.67;0.67,0.87716;0.87716,.;Uncertain_significance,".;criteria_provided,_single_submitter",6.0000000000060005e-06,4.000000000004e-06,0.0,0.0,0.0
241517278,L,F,A,C;T,57,c.171T>A;c.171T>G,p.Phe57Leu,.;.,0.290151;0.290145,0.367527;0.367523,0.87753;0.87753,0.584;0.584,0.83221;0.83221,.;.,.;.,6.0000000000060005e-06,4.000000000004e-06,0.0,0.0,0.0
241517284,E,D,A,C;T,55,c.165T>A;c.165T>G,p.Asp55Glu,.;.,0.429634;0.429621,0.464631;0.464622,0.9307;0.9307,0.811;0.811,0.93873;0.93873,.;.,.;.,1.3000000000040757e-05,9.000000000036756e-06,0.0,0.0,0.0
241517290,D,E,T,A;G,53,c.159A>C;c.159A>T,p.Glu53Asp,.;.,0.23104;0.231043,0.326376;0.326378,0.84809;0.84809,0.752;0.752,0.91466;0.91466,.;.,.;.,3.0000000000030003e-06,2.000000000002e-06,0.0,0.0,0.0
241517295,L,I,T,A;G,52,c.154A>C;c.154A>T,p.Ile52Leu,rs543844061;.,-0.184459;-0.184463,0.037118;0.0371152,0.56366;0.56366,0.454;0.454,0.75215;0.75215,Uncertain_significance;.,"criteria_provided,_multiple_submitters,_no_conflicts;.",3.999999999976245e-06,2.799999999997249e-06,0.0,0.0,0.0
241517299,L,F,G,C;T,50,c.150C>A;c.150C>G,p.Phe50Leu,.;.,0.00166134;0.00170554,0.166689;0.16672,0.70604;0.70607,0.542;0.542,0.80802;0.80802,.;.,.;.,4.419999999999988e-05,3.100000000000325e-05,2.999999999997449e-05,0.0,0.0
241517305,K,N,A,C;T,48,c.144T>A;c.144T>G,p.Asn48Lys,.;.,-0.110604;-0.110514,0.0885337;0.0885963,0.6276;0.62769,0.425;0.425,0.73156;0.73156,.;.,.;.,8.999999999999286e-05,6.259999999999599e-05,8.999999999992347e-05,0.0,0.0
241517308,H,Q,T,A;G,47,c.141A>C;c.141A>T,p.Gln47His,.;.,-0.061306;-0.0612785,0.122853;0.122873,0.66419;0.66421,0.596;0.596,0.83886;0.83886,.;.,.;.,2.7499999999999747e-05,1.9999999999992246e-05,2.0000000000020002e-05,0.0,0.0
241517311,R,S,G,C;T,46,c.138C>A;c.138C>G,p.Ser46Arg,rs1211942353;.,0.183928;0.183972,0.167204;0.293609,0.70652;0.82323,0.699;0.699,0.89099;0.89099,.;.,.;.,4.399999999998849e-05,0.12640500000000002,0.11670999999999998,0.0,0.0
241519591,I,M,C,A;G;T,44,c.132G>A;c.132G>C;c.132G>T,p.Met44Ile,.;.;rs863223982,0.139728;0.139729;0.139725,0.262807;0.262808;0.262805,0.7964;0.7964;0.7964,0.521;0.521;0.516,0.79537;0.79537;0.79231,.;.;Pathogenic,".;.;criteria_provided,_multiple_submitters,_no_conflicts",4.000000000004e-06,2.9999999999752447e-06,0.0,0.0050000000000000044,0.0030600000000000627
241519593,L,M,T,A;G,44,c.130A>C;c.130A>T,p.Met44Leu,.;.,0.165565;0.165565,0.280794;0.280794,0.81248;0.81248,0.49;0.49,0.77602;0.77602,.;.,.;.,0.0,0.0,0.0,0.0,0.0
241519603,K,N,G,C;T,40,c.120C>A;c.120C>G,p.Asn40Lys,rs876658186;.,-0.236661;-0.236661,0.000776549;0.000776549,0.51439;0.51439,0.228;0.228,0.52551;0.52551,Conflicting_classifications_of_pathogenicity;.,"criteria_provided,_conflicting_classifications;.",0.0,0.0,0.0,0.0,0.0
241519612,C,W,C,A;G,37,c.111G>C;c.111G>T,p.Trp37Cys,rs1573889881;.,-0.150275;-0.150267,0.0609159;0.0609215,0.59445;0.59445,0.371;0.371,0.68851;0.68851,Uncertain_significance;.,"criteria_provided,_single_submitter;.",7.999999999980245e-06,5.600000000001437e-06,0.0,0.0,0.0
241519614,R,W,A,G;T,37,c.109T>A;c.109T>C,p.Trp37Arg,rs1660318303;.,-0.225569;-0.225489,0.00849847;0.00855416,0.52504;0.52512,0.226;0.226,0.52255;0.52255,.;.,.;.,7.999999999999674e-05,5.56900000000006e-05,8.000000000008001e-05,0.0,0.0
241519615,L,F,A,C;T,36,c.108T>A;c.108T>G,p.Phe36Leu,.;.,-0.274657;-0.274605,-0.0256751;-0.0256389,0.47708;0.47714,0.324;0.324,0.64439;0.64439,.;.,.;.,5.1999999999996493e-05,3.620000000000012e-05,6.0000000000004494e-05,0.0,0.0
241519626,L,V,C,A;G,33,c.97G>C;c.97G>T,p.Val33Leu,.;.,-0.25248;-0.252475,-0.0102362;-0.0102327,0.49908;0.49908,0.345;0.345,0.665;0.665,.;.,.;.,4.999999999977245e-06,3.500000000000031e-06,0.0,0.0,0.0
241519639,F,L,C,A;G,28,c.84G>C;c.84G>T,p.Leu28Phe,rs2147926933;.,-0.2502;-0.250207,-0.0086489;-0.00865377,0.50131;0.50131,0.378;0.378,0.69449;0.69449,.;.,.;.,7.000000000034756e-06,4.870000000000568e-06,0.0,0.0,0.0
241519657,F,L,T,A;G,22,c.66A>C;c.66A>T,p.Leu22Phe,.;.,-0.250466;-0.250493,-0.00883408;-0.00885287,0.50104;0.50102,0.291;0.291,0.60842;0.60842,.;Uncertain_significance,".;criteria_provided,_single_submitter",2.6999999999999247e-05,1.8790000000001167e-05,2.0000000000020002e-05,0.0,0.0
241519680,L,V,C,A;G,15,c.43G>C;c.43G>T,p.Val15Leu,rs1463008959;rs1463008959,-0.232508;-0.232498,0.00366774;0.0036747,0.5184;0.51843,0.382;0.382,0.69785;0.69785,Uncertain_significance;Uncertain_significance,"criteria_provided,_multiple_submitters,_no_conflicts;criteria_provided,_multiple_submitters,_no_conflicts",9.999999999982245e-06,6.959999999999866e-06,2.999999999997449e-05,0.0,0.0
241519720,I,M,C,A;G;T,1,c.3G>A;c.3G>C;c.3G>T,p.Met1?,.;rs564147469;rs564147469,0.489653;0.489653;0.489652,0.506415;0.506415;0.506414,0.94423;0.94423;0.94423,0.658;0.662;0.662,0.87125;0.87323;0.87323,.;Conflicting_classifications_of_pathogenicity;Likely_pathogenic,".;criteria_provided,_conflicting_classifications;criteria_provided,_multiple_submitters,_no_conflicts",1.0000000000287557e-06,9.999999999177334e-07,0.0,0.0040000000000000036,0.0019799999999999818
241519722,L,M,T,A;G,1,c.1A>C;c.1A>T,p.Met1?,rs776806414;rs776806414,0.488222;0.488224,0.491306;0.414604,0.93993;0.9067,0.671;0.678,0.87765;0.88104,Conflicting_classifications_of_pathogenicity;Conflicting_classifications_of_pathogenicity,"criteria_provided,_conflicting_classifications;criteria_provided,_conflicting_classifications",2.000000000002e-06,0.07670200000000005,0.03323000000000009,0.007000000000000006,0.003390000000000004
